{"num_pairs":31,"pairs":[{"index":1,"nt1":"B.A1","nt2":"E.G6","bp":"A-G","name":"Imino","Saenger":"08-VIII","LW":"cWW","DSSR":"cW-W"},{"index":2,"nt1":"B.U2","nt2":"E.A5","bp":"U-A","name":"WC","Saenger":"20-XX","LW":"cWW","DSSR":"cW-W"},{"index":3,"nt1":"B.C3","nt2":"E.G4","bp":"C-G","name":"WC","Saenger":"19-XIX","LW":"cWW","DSSR":"cW-W"},{"index":4,"nt1":"B.G4","nt2":"E.C3","bp":"G-C","name":"WC","Saenger":"19-XIX","LW":"cWW","DSSR":"cW-W"},{"index":5,"nt1":"B.A5","nt2":"E.U2","bp":"A-U","name":"WC","Saenger":"20-XX","LW":"cWW","DSSR":"cW-W"},{"index":6,"nt1":"B.G6","nt2":"E.A1","bp":"G-A","name":"Imino","Saenger":"08-VIII","LW":"cWW","DSSR":"cW-W"},{"index":7,"nt1":"B.G7","nt2":"B.G12","bp":"G+G","name":"Metal","Saenger":"06-VI","LW":"cWH","DSSR":"cW+M"},{"index":8,"nt1":"B.G7","nt2":"B.G23","bp":"G+G","name":"--","Saenger":"06-VI","LW":"cHW","DSSR":"cM+W"},{"index":9,"nt1":"B.G8","nt2":"B.G13","bp":"G+G","name":"--","Saenger":"06-VI","LW":"cWH","DSSR":"cW+M"},{"index":10,"nt1":"B.G8","nt2":"B.G24","bp":"G+G","name":"--","Saenger":"06-VI","LW":"cHW","DSSR":"cM+W"},{"index":11,"nt1":"B.G10","nt2":"B.G15","bp":"G+G","name":"--","Saenger":"06-VI","LW":"cHW","DSSR":"cM+W"},{"index":12,"nt1":"B.G10","nt2":"B.G26","bp":"G+G","name":"--","Saenger":"06-VI","LW":"cWH","DSSR":"cW+M"},{"index":13,"nt1":"B.G12","nt2":"B.G17","bp":"G+G","name":"--","Saenger":"06-VI","LW":"cWH","DSSR":"cW+M"},{"index":14,"nt1":"B.G13","nt2":"B.G18","bp":"G+G","name":"--","Saenger":"06-VI","LW":"cWH","DSSR":"cW+M"},{"index":15,"nt1":"B.G15","nt2":"B.G21","bp":"G+G","name":"--","Saenger":"06-VI","LW":"cHW","DSSR":"cM+W"},{"index":16,"nt1":"B.G17","nt2":"B.G23","bp":"G+G","name":"--","Saenger":"06-VI","LW":"cWH","DSSR":"cW+M"},{"index":17,"nt1":"B.G18","nt2":"B.G24","bp":"G+G","name":"--","Saenger":"06-VI","LW":"cWH","DSSR":"cW+M"},{"index":18,"nt1":"B.U20","nt2":"B.C25","bp":"U-C","name":"--","Saenger":"--","LW":"tHW","DSSR":"tM-W"},{"index":19,"nt1":"B.G21","nt2":"B.G26","bp":"G+G","name":"--","Saenger":"06-VI","LW":"cHW","DSSR":"cM+W"},{"index":20,"nt1":"E.G7","nt2":"E.G12","bp":"G+G","name":"--","Saenger":"06-VI","LW":"cWH","DSSR":"cW+M"},{"index":21,"nt1":"E.G7","nt2":"E.G23","bp":"G+G","name":"--","Saenger":"06-VI","LW":"cHW","DSSR":"cM+W"},{"index":22,"nt1":"E.G8","nt2":"E.G13","bp":"G+G","name":"--","Saenger":"06-VI","LW":"cWH","DSSR":"cW+M"},{"index":23,"nt1":"E.G8","nt2":"E.G24","bp":"G+G","name":"--","Saenger":"06-VI","LW":"cHW","DSSR":"cM+W"},{"index":24,"nt1":"E.G10","nt2":"E.G15","bp":"G+G","name":"--","Saenger":"06-VI","LW":"cHW","DSSR":"cM+W"},{"index":25,"nt1":"E.G10","nt2":"E.G26","bp":"G+G","name":"--","Saenger":"06-VI","LW":"cWH","DSSR":"cW+M"},{"index":26,"nt1":"E.G12","nt2":"E.G17","bp":"G+G","name":"--","Saenger":"06-VI","LW":"cWH","DSSR":"cW+M"},{"index":27,"nt1":"E.G13","nt2":"E.G18","bp":"G+G","name":"--","Saenger":"06-VI","LW":"cWH","DSSR":"cW+M"},{"index":28,"nt1":"E.G15","nt2":"E.G21","bp":"G+G","name":"--","Saenger":"06-VI","LW":"cHW","DSSR":"cM+W"},{"index":29,"nt1":"E.G17","nt2":"E.G23","bp":"G+G","name":"--","Saenger":"06-VI","LW":"cWH","DSSR":"cW+M"},{"index":30,"nt1":"E.G18","nt2":"E.G24","bp":"G+G","name":"--","Saenger":"06-VI","LW":"cWH","DSSR":"cW+M"},{"index":31,"nt1":"E.G21","nt2":"E.G26","bp":"G+G","name":"--","Saenger":"06-VI","LW":"cHW","DSSR":"cM+W"}],"num_multiplets":6,"multiplets":[{"index":1,"num_nts":4,"nts_short":"GGGG","nts_long":"B.G7,B.G12,B.G17,B.G23","planarity":0.300},{"index":2,"num_nts":4,"nts_short":"GGGG","nts_long":"B.G8,B.G13,B.G18,B.G24","planarity":0.143},{"index":3,"num_nts":4,"nts_short":"GGGG","nts_long":"B.G10,B.G15,B.G21,B.G26","planarity":0.202},{"index":4,"num_nts":4,"nts_short":"GGGG","nts_long":"E.G7,E.G12,E.G17,E.G23","planarity":0.253},{"index":5,"num_nts":4,"nts_short":"GGGG","nts_long":"E.G8,E.G13,E.G18,E.G24","planarity":0.184},{"index":6,"num_nts":4,"nts_short":"GGGG","nts_long":"E.G10,E.G15,E.G21,E.G26","planarity":0.202}],"num_helices":3,"helices":[{"index":1,"num_stems":0,"strand1":"GGG","strand2":"GGG","bp_type":"...","helix_form":".x","num_pairs":3,"pairs":[{"index":1,"nt1":"B.G7","nt2":"B.G12","bp":"G+G","name":"Metal","Saenger":"06-VI","LW":"cWH","DSSR":"cW+M"},{"index":2,"nt1":"B.G8","nt2":"B.G13","bp":"G+G","name":"--","Saenger":"06-VI","LW":"cWH","DSSR":"cW+M"},{"index":3,"nt1":"B.G10","nt2":"B.G15","bp":"G+G","name":"--","Saenger":"06-VI","LW":"cHW","DSSR":"cM+W"}]},{"index":2,"num_stems":1,"strand1":"GGGAUCGAGGGG","strand2":"GGGGAGCUAGGG","bp_type":"....||||....","helix_form":"x.x.AAA.x.x","num_pairs":12,"pairs":[{"index":1,"nt1":"B.G21","nt2":"B.G26","bp":"G+G","name":"--","Saenger":"06-VI","LW":"cHW","DSSR":"cM+W"},{"index":2,"nt1":"B.G18","nt2":"B.G24","bp":"G+G","name":"--","Saenger":"06-VI","LW":"cWH","DSSR":"cW+M"},{"index":3,"nt1":"B.G17","nt2":"B.G23","bp":"G+G","name":"--","Saenger":"06-VI","LW":"cWH","DSSR":"cW+M"},{"index":4,"nt1":"E.A1","nt2":"B.G6","bp":"A-G","name":"Imino","Saenger":"08-VIII","LW":"cWW","DSSR":"cW-W"},{"index":5,"nt1":"E.U2","nt2":"B.A5","bp":"U-A","name":"WC","Saenger":"20-XX","LW":"cWW","DSSR":"cW-W"},{"index":6,"nt1":"E.C3","nt2":"B.G4","bp":"C-G","name":"WC","Saenger":"19-XIX","LW":"cWW","DSSR":"cW-W"},{"index":7,"nt1":"E.G4","nt2":"B.C3","bp":"G-C","name":"WC","Saenger":"19-XIX","LW":"cWW","DSSR":"cW-W"},{"index":8,"nt1":"E.A5","nt2":"B.U2","bp":"A-U","name":"WC","Saenger":"20-XX","LW":"cWW","DSSR":"cW-W"},{"index":9,"nt1":"E.G6","nt2":"B.A1","bp":"G-A","name":"Imino","Saenger":"08-VIII","LW":"cWW","DSSR":"cW-W"},{"index":10,"nt1":"E.G23","nt2":"E.G17","bp":"G+G","name":"--","Saenger":"06-VI","LW":"cHW","DSSR":"cM+W"},{"index":11,"nt1":"E.G24","nt2":"E.G18","bp":"G+G","name":"--","Saenger":"06-VI","LW":"cHW","DSSR":"cM+W"},{"index":12,"nt1":"E.G26","nt2":"E.G21","bp":"G+G","name":"--","Saenger":"06-VI","LW":"cWH","DSSR":"cW+M"}]},{"index":3,"num_stems":0,"strand1":"GGG","strand2":"GGG","bp_type":"...","helix_form":".x","num_pairs":3,"pairs":[{"index":1,"nt1":"E.G7","nt2":"E.G12","bp":"G+G","name":"--","Saenger":"06-VI","LW":"cWH","DSSR":"cW+M"},{"index":2,"nt1":"E.G8","nt2":"E.G13","bp":"G+G","name":"--","Saenger":"06-VI","LW":"cWH","DSSR":"cW+M"},{"index":3,"nt1":"E.G10","nt2":"E.G15","bp":"G+G","name":"--","Saenger":"06-VI","LW":"cHW","DSSR":"cM+W"}]}],"num_stems":1,"stems":[{"index":1,"helix_index":2,"strand1":"UCGA","strand2":"AGCU","bp_type":"||||","helix_form":"AAA","num_pairs":4,"pairs":[{"index":1,"nt1":"B.U2","nt2":"E.A5","bp":"U-A","name":"WC","Saenger":"20-XX","LW":"cWW","DSSR":"cW-W"},{"index":2,"nt1":"B.C3","nt2":"E.G4","bp":"C-G","name":"WC","Saenger":"19-XIX","LW":"cWW","DSSR":"cW-W"},{"index":3,"nt1":"B.G4","nt2":"E.C3","bp":"G-C","name":"WC","Saenger":"19-XIX","LW":"cWW","DSSR":"cW-W"},{"index":4,"nt1":"B.A5","nt2":"E.U2","bp":"A-U","name":"WC","Saenger":"20-XX","LW":"cWW","DSSR":"cW-W"}]}],"num_stacks":8,"stacks":[{"index":1,"num_nts":3,"nts_short":"GGG","nts_long":"B.G7,B.G8,B.G10"},{"index":2,"num_nts":3,"nts_short":"GGG","nts_long":"B.G12,B.G13,B.G15"},{"index":3,"num_nts":3,"nts_short":"GGG","nts_long":"E.G7,E.G8,E.G10"},{"index":4,"num_nts":4,"nts_short":"GGGA","nts_long":"E.G12,E.G13,E.G15,E.A19"},{"index":5,"num_nts":5,"nts_short":"UAGGG","nts_long":"B.U2,B.A1,E.G17,E.G18,E.G21"},{"index":6,"num_nts":5,"nts_short":"AGGGG","nts_long":"B.A5,B.G6,B.G23,B.G24,B.G26"},{"index":7,"num_nts":5,"nts_short":"GGGAU","nts_long":"B.G21,B.G18,B.G17,E.A1,E.U2"},{"index":8,"num_nts":5,"nts_short":"AGGGG","nts_long":"E.A5,E.G6,E.G23,E.G24,E.G26"}],"nonStack":{"num_nts":18,"nts_short":"AUUAAUACAUAUUAUACA","nts_long":"B.A9,B.U11,B.U14,B.A16,B.A19,B.U20,B.A22,B.C25,B.A27,B.U28,E.A9,E.U11,E.U14,E.A16,E.U20,E.A22,E.C25,E.A27"},"num_atom2bases":4,"atom2bases":[{"index":1,"type":"sugar","atom":"O4'@E.A1","nt":"B.G17","vert_dist":3.494},{"index":2,"type":"other","atom":"S19@B.QW4/102","nt":"B.G26","vert_dist":3.449},{"index":3,"type":"other","atom":"BR@E.BR102","nt":"E.A1","vert_dist":3.226},{"index":4,"type":"other","atom":"S19@E.QW4/101","nt":"E.G26","vert_dist":3.447}],"num_ssSegments":4,"ssSegments":[{"index":1,"num_nts":1,"nts_short":"A","nts_long":"B.A1"},{"index":2,"num_nts":23,"nts_short":"GGGAGUGGUGAGGAUGAGGCGAU","nts_long":"B.G6,B.G7,B.G8,B.A9,B.G10,B.U11,B.G12,B.G13,B.U14,B.G15,B.A16,B.G17,B.G18,B.A19,B.U20,B.G21,B.A22,B.G23,B.G24,B.C25,B.G26,B.A27,B.U28"},{"index":3,"num_nts":1,"nts_short":"A","nts_long":"E.A1"},{"index":4,"num_nts":22,"nts_short":"GGGAGUGGUGAGGAUGAGGCGA","nts_long":"E.G6,E.G7,E.G8,E.A9,E.G10,E.U11,E.G12,E.G13,E.U14,E.G15,E.A16,E.G17,E.G18,E.A19,E.U20,E.G21,E.A22,E.G23,E.G24,E.C25,E.G26,E.A27"}],"num_Gtetrads":6,"Gtetrads":[{"index":1,"num_nts":4,"num_nts":4,"nts_short":"GGGG","nts_long":"B.G7,B.G12,B.G17,B.G23","planarity":0.300,"G1G2_simpleParams":[-2.279,2.925,0.126,-10.010,-9.886,-91.194],"G2G3_simpleParams":[-2.218,2.851,0.447,-12.845,-3.161,-86.297],"G3G4_simpleParams":[-2.269,2.642,0.282,-8.406,-6.870,-90.892],"G4G1_simpleParams":[-2.130,2.791,-0.469,-16.035,-2.129,-88.737],"type":"other","direction":"WC-->Major","topo_class":"O+","glyco_bond":"----","sugar_pucker":"3333","groove_type":"----","groove_distPP":[14.893,13.791,16.577,15.635],"rmsd":0.275,"frame":{"rmsd":null,"origin":[14.520,5.197,-2.770],"x_axis":[0.148,0.874,-0.462],"y_axis":[0.951,-0.254,-0.176],"z_axis":[-0.271,-0.413,-0.869],"quaternion":[0.079,0.753,0.606,-0.243]}},{"index":2,"num_nts":4,"num_nts":4,"nts_short":"GGGG","nts_long":"B.G8,B.G13,B.G18,B.G24","planarity":0.143,"G1G2_simpleParams":[-2.783,2.631,0.327,2.297,-3.298,-88.571],"G2G3_simpleParams":[-2.741,2.694,-0.326,-1.522,9.369,-90.349],"G3G4_simpleParams":[-2.972,2.671,0.360,-3.017,-2.430,-90.212],"G4G1_simpleParams":[-2.728,2.497,-0.080,-2.201,4.079,-91.279],"type":"planar","direction":"WC-->Major","topo_class":"O+","glyco_bond":"----","sugar_pucker":"3333","groove_type":"----","groove_distPP":[14.810,14.634,14.364,15.284],"rmsd":0.326,"frame":{"rmsd":null,"origin":[13.758,3.866,-5.857],"x_axis":[0.624,0.642,-0.445],"y_axis":[0.744,-0.662,0.088],"z_axis":[-0.238,-0.386,-0.891],"quaternion":[0.133,0.891,0.389,-0.192]}},{"index":3,"num_nts":4,"num_nts":4,"nts_short":"GGGG","nts_long":"B.G10,B.G26,B.G21,B.G15","planarity":0.202,"G1G2_simpleParams":[-3.127,2.258,-0.611,-6.447,7.512,-93.389],"G2G3_simpleParams":[-2.680,2.544,0.297,1.770,-9.023,-90.713],"G3G4_simpleParams":[-2.770,2.740,-0.093,-1.505,4.883,-92.993],"G4G1_simpleParams":[-2.929,3.078,0.472,3.990,-4.300,-83.704],"type":"other","direction":"WC-->Major","topo_class":"O-","glyco_bond":"----","sugar_pucker":"----","groove_type":"----","groove_distPP":[15.216,13.463,18.917,15.724],"rmsd":0.441,"frame":{"rmsd":null,"origin":[12.948,2.541,-8.890],"x_axis":[-0.400,0.865,-0.303],"y_axis":[-0.882,-0.273,0.384],"z_axis":[0.249,0.421,0.872],"quaternion":[0.547,-0.017,0.252,0.798]}},{"index":4,"num_nts":4,"num_nts":4,"nts_short":"GGGG","nts_long":"E.G7,E.G12,E.G17,E.G23","planarity":0.253,"G1G2_simpleParams":[-2.413,3.075,0.307,-8.791,-4.960,-86.238],"G2G3_simpleParams":[-2.434,2.702,0.097,-14.032,-3.813,-92.343],"G3G4_simpleParams":[-2.486,2.906,0.248,-0.871,-4.493,-88.864],"G4G1_simpleParams":[-2.239,2.584,-0.035,-14.653,4.168,-90.797],"type":"other","direction":"WC-->Major","topo_class":"O+","glyco_bond":"----","sugar_pucker":"3333","groove_type":"----","groove_distPP":[14.750,14.185,16.523,15.550],"rmsd":0.255,"frame":{"rmsd":null,"origin":[21.839,25.108,8.330],"x_axis":[-0.851,-0.495,0.176],"y_axis":[0.460,-0.538,0.706],"z_axis":[-0.255,0.682,0.685],"quaternion":[-0.272,-0.022,0.396,0.877]}},{"index":5,"num_nts":4,"num_nts":4,"nts_short":"GGGG","nts_long":"E.G8,E.G13,E.G18,E.G24","planarity":0.184,"G1G2_simpleParams":[-2.669,2.795,0.758,-3.804,-5.458,-87.719],"G2G3_simpleParams":[-2.791,2.651,-0.056,2.594,4.585,-92.573],"G3G4_simpleParams":[-2.562,2.388,-0.189,0.377,-1.501,-90.245],"G4G1_simpleParams":[-2.411,2.686,-0.324,-1.586,8.738,-90.121],"type":"other","direction":"WC-->Major","topo_class":"O+","glyco_bond":"----","sugar_pucker":"3333","groove_type":"----","groove_distPP":[14.897,14.773,14.259,14.698],"rmsd":0.340,"frame":{"rmsd":null,"origin":[21.097,27.471,10.737],"x_axis":[-0.507,-0.687,0.520],"y_axis":[0.839,-0.256,0.481],"z_axis":[-0.198,0.680,0.706],"quaternion":[-0.486,0.103,0.369,0.786]}},{"index":6,"num_nts":4,"num_nts":4,"nts_short":"GGGG","nts_long":"E.G10,E.G26,E.G21,E.G15","planarity":0.202,"G1G2_simpleParams":[-2.618,2.490,-0.552,-8.934,6.895,-91.846],"G2G3_simpleParams":[-2.552,2.564,0.249,-1.535,-10.349,-89.561],"G3G4_simpleParams":[-2.532,2.636,-0.023,-2.585,0.576,-91.764],"G4G1_simpleParams":[-2.612,2.693,0.360,4.770,-4.114,-87.367],"type":"other","direction":"WC-->Major","topo_class":"O-","glyco_bond":"----","sugar_pucker":"----","groove_type":"----","groove_distPP":[15.728,12.940,17.877,15.658],"rmsd":0.412,"frame":{"rmsd":null,"origin":[20.246,29.920,13.024],"x_axis":[-0.972,-0.083,-0.221],"y_axis":[0.097,0.713,-0.695],"z_axis":[0.215,-0.697,-0.684],"quaternion":[0.119,0.004,0.918,-0.379]}}],"num_splayUnits":12,"splayUnits":[{"index":1,"num_nts":2,"nts_short":"GA","nts_long":"B.G8,B.A9"},{"index":2,"num_nts":2,"nts_short":"UG","nts_long":"B.U11,B.G12"},{"index":3,"num_nts":2,"nts_short":"GU","nts_long":"B.G13,B.U14"},{"index":4,"num_nts":3,"nts_short":"GAG","nts_long":"B.G15,B.A16,B.G17"},{"index":5,"num_nts":2,"nts_short":"GC","nts_long":"B.G24,B.C25"},{"index":6,"num_nts":2,"nts_short":"GA","nts_long":"B.G26,B.A27"},{"index":7,"num_nts":2,"nts_short":"GA","nts_long":"E.G8,E.A9"},{"index":8,"num_nts":3,"nts_short":"GUG","nts_long":"E.G10,E.U11,E.G12"},{"index":9,"num_nts":2,"nts_short":"GU","nts_long":"E.G13,E.U14"},{"index":10,"num_nts":3,"nts_short":"GAG","nts_long":"E.G15,E.A16,E.G17"},{"index":11,"num_nts":2,"nts_short":"GC","nts_long":"E.G24,E.C25"},{"index":12,"num_nts":2,"nts_short":"GA","nts_long":"E.G26,E.A27"}],"dbn":{"all_chains":{"num_nts":55,"num_chars":56,"bseq":"AUCGAGGGAGUGGUGAGGAUGAGGCGAU&AUCGAGGGAGUGGUGAGGAUGAGGCGA","sstr":".((((.......................&.))))......................","form":"AAAA..A....A....A.....A....-&AAAA..A....A....A.....A...-"},"m1_chain_B":{"num_nts":28,"num_chars":28,"bseq":"AUCGAGGGAGUGGUGAGGAUGAGGCGAU","sstr":".((((.......................","form":"AAAA..A....A....A.....A....-"},"m1_chain_E":{"num_nts":27,"num_chars":27,"bseq":"AUCGAGGGAGUGGUGAGGAUGAGGCGA","sstr":".))))......................","form":"AAAA..A....A....A.....A...-"}},"chains":{"m1_chain_B":{"num_nts":28,"bseq":"AUCGAGGGAGUGGUGAGGAUGAGGCGAU","sstr":".((((.......................","form":"AAAA..A....A....A.....A....-","helical_rise":0.300,"helical_rise_std":3.492,"helical_axis":[-0.605,-0.649,0.462],"point1":[19.490,11.112,-13.319],"point2":[13.860,5.068,-9.019],"num_chars":82,"suite":"A1aU1aC1aG1aA1tG4gG1aG!!A!!G!!U!!G1aG!!U!!G4pA6dG1aG1[A!!U!!G4pA!!G1aG7pC!!G!!A!!U"},"m1_chain_E":{"num_nts":27,"bseq":"AUCGAGGGAGUGGUGAGGAUGAGGCGA","sstr":".))))......................","form":"AAAA..A....A....A.....A...-","helical_rise":0.018,"helical_rise_std":3.601,"helical_axis":[-0.361,-0.693,0.624],"point1":[17.119,22.836,16.602],"point2":[17.328,23.237,16.241],"num_chars":79,"suite":"A!!U1aC1aG1aA1bG0aG1aG!!A!!G!!U6dG1aG7pU!!G!!A6dG1aG1[A4sU!!G4pA!!G1aG7pC!!G!!A"}},"num_nts":55,"nts":[{"index":1,"index_chain":1,"chain_name":"B","nt_resnum":1,"nt_name":"A","nt_code":"A","nt_id":"B.A1","nt_type":"RNA","dbn":".","summary":"anti,~C3'-endo,BI,non-canonical,non-pair-contact,helix,ss-non-loop","alpha":null,"beta":null,"gamma":72.020,"delta":83.809,"epsilon":-148.261,"zeta":-58.548,"epsilon_zeta":-89.713,"bb_type":"BI","chi":-165.957,"glyco_bond":"anti","C5prime_xyz":[-0.787,8.459,0.934],"P_xyz":[null,null,null],"form":"A","ssZp":4.602,"Dp":4.708,"splay_angle":22.124,"splay_distance":3.514,"splay_ratio":0.194,"eta":null,"theta":null,"eta_prime":null,"theta_prime":null,"eta_base":null,"theta_base":null,"v0":8.808,"v1":-29.583,"v2":37.922,"v3":-33.805,"v4":15.874,"amplitude":38.099,"phase_angle":5.524,"puckering":"C3'-endo","sugar_class":"~C3'-endo","bin":"inc","cluster":"__","suiteness":0.000,"filter_rmsd":0.042,"frame":{"rmsd":0.010,"origin":[20.561,20.728,7.774],"x_axis":[-0.572,-0.783,0.244],"y_axis":[-0.669,0.273,-0.691],"z_axis":[0.475,-0.558,-0.680],"quaternion":[0.073,-0.457,0.794,-0.393]}},{"index":2,"index_chain":2,"chain_name":"B","nt_resnum":2,"nt_name":"U","nt_code":"U","nt_id":"B.U2","nt_type":"RNA","dbn":"(","summary":"anti,~C3'-endo,BI,canonical,non-pair-contact,helix,stem-end","alpha":-68.013,"beta":175.722,"gamma":55.545,"delta":78.702,"epsilon":-144.087,"zeta":-76.355,"epsilon_zeta":-67.732,"bb_type":"BI","chi":-157.629,"glyco_bond":"anti","C5prime_xyz":[-1.237,8.774,0.343],"P_xyz":[1.310,9.221,0.443],"form":"A","ssZp":4.335,"Dp":4.683,"splay_angle":23.374,"splay_distance":3.756,"splay_ratio":0.203,"eta":169.149,"theta":-146.896,"eta_prime":-171.409,"theta_prime":-144.760,"eta_base":-122.144,"theta_base":-121.085,"v0":0.178,"v1":-24.110,"v2":37.322,"v3":-38.374,"v4":24.153,"amplitude":39.336,"phase_angle":18.413,"puckering":"C3'-endo","sugar_class":"~C3'-endo","bin":"33p","cluster":"1a","suiteness":0.866,"filter_rmsd":0.101,"frame":{"rmsd":0.013,"origin":[21.649,17.480,6.992],"x_axis":[-0.861,-0.458,-0.223],"y_axis":[-0.118,0.605,-0.787],"z_axis":[0.495,-0.651,-0.575],"quaternion":[0.206,-0.165,0.872,-0.412]}},{"index":3,"index_chain":3,"chain_name":"B","nt_resnum":3,"nt_name":"C","nt_code":"C","nt_id":"B.C3","nt_type":"RNA","dbn":"(","summary":"anti,~C3'-endo,BI,canonical,non-pair-contact,helix,stem","alpha":-55.391,"beta":171.113,"gamma":39.949,"delta":80.091,"epsilon":-153.346,"zeta":-66.203,"epsilon_zeta":-87.142,"bb_type":"BI","chi":-158.553,"glyco_bond":"anti","C5prime_xyz":[-1.480,8.747,0.452],"P_xyz":[1.029,9.277,0.822],"form":"A","ssZp":4.418,"Dp":4.637,"splay_angle":25.568,"splay_distance":4.145,"splay_ratio":0.224,"eta":163.461,"theta":-144.914,"eta_prime":176.257,"theta_prime":-143.581,"eta_base":-146.901,"theta_base":-118.159,"v0":3.325,"v1":-26.495,"v2":38.247,"v3":-37.524,"v4":21.535,"amplitude":39.410,"phase_angle":13.950,"puckering":"C3'-endo","sugar_class":"~C3'-endo","bin":"33p","cluster":"1a","suiteness":0.642,"filter_rmsd":0.053,"frame":{"rmsd":0.016,"origin":[22.620,14.147,5.557],"x_axis":[-0.916,0.117,-0.383],"y_axis":[0.343,0.724,-0.599],"z_axis":[0.207,-0.680,-0.703],"quaternion":[0.161,0.126,0.914,-0.350]}},{"index":4,"index_chain":4,"chain_name":"B","nt_resnum":4,"nt_name":"G","nt_code":"G","nt_id":"B.G4","nt_type":"RNA","dbn":"(","summary":"anti,~C3'-endo,BI,canonical,non-pair-contact,helix,stem","alpha":-66.325,"beta":173.813,"gamma":55.373,"delta":77.232,"epsilon":-155.479,"zeta":-68.461,"epsilon_zeta":-87.018,"bb_type":"BI","chi":-167.518,"glyco_bond":"anti","C5prime_xyz":[-1.639,8.784,0.872],"P_xyz":[0.843,9.490,1.097],"form":"A","ssZp":4.569,"Dp":4.626,"splay_angle":21.043,"splay_distance":3.391,"splay_ratio":0.188,"eta":167.484,"theta":-148.219,"eta_prime":-178.122,"theta_prime":-145.172,"eta_base":-136.802,"theta_base":-113.492,"v0":-0.721,"v1":-24.069,"v2":38.413,"v3":-39.814,"v4":25.474,"amplitude":40.759,"phase_angle":19.532,"puckering":"C3'-endo","sugar_class":"~C3'-endo","bin":"33p","cluster":"1a","suiteness":0.936,"filter_rmsd":0.013,"frame":{"rmsd":0.013,"origin":[21.616,10.797,3.334],"x_axis":[-0.632,0.576,-0.519],"y_axis":[0.765,0.569,-0.300],"z_axis":[0.122,-0.587,-0.801],"quaternion":[0.185,0.387,0.866,-0.256]}},{"index":5,"index_chain":5,"chain_name":"B","nt_resnum":5,"nt_name":"A","nt_code":"A","nt_id":"B.A5","nt_type":"RNA","dbn":"(","summary":"anti,~C3'-endo,BI,canonical,non-pair-contact,helix,stem-end","alpha":-51.722,"beta":178.939,"gamma":45.992,"delta":84.548,"epsilon":-160.301,"zeta":-82.077,"epsilon_zeta":-78.224,"bb_type":"BI","chi":-150.059,"glyco_bond":"anti","C5prime_xyz":[-1.508,8.754,-0.032],"P_xyz":[0.965,9.363,0.521],"form":".","ssZp":3.944,"Dp":4.326,"splay_angle":16.590,"splay_distance":2.883,"splay_ratio":0.148,"eta":-179.938,"theta":-129.414,"eta_prime":-166.344,"theta_prime":-130.625,"eta_base":-125.078,"theta_base":-124.383,"v0":-4.724,"v1":-15.596,"v2":28.881,"v3":-32.574,"v4":23.571,"amplitude":32.412,"phase_angle":26.991,"puckering":"C3'-endo","sugar_class":"~C3'-endo","bin":"33p","cluster":"1a","suiteness":0.750,"filter_rmsd":0.037,"frame":{"rmsd":0.012,"origin":[19.903,9.285,0.828],"x_axis":[-0.075,0.851,-0.520],"y_axis":[0.996,0.043,-0.074],"z_axis":[-0.041,-0.524,-0.851],"quaternion":[0.171,0.658,0.702,-0.213]}},{"index":6,"index_chain":6,"chain_name":"B","nt_resnum":6,"nt_name":"G","nt_code":"G","nt_id":"B.G6","nt_type":"RNA","dbn":".","summary":"anti,~C2'-endo,BII,non-canonical,non-pair-contact,helix,ss-non-loop","alpha":156.544,"beta":-159.859,"gamma":179.622,"delta":141.950,"epsilon":-110.688,"zeta":-169.442,"epsilon_zeta":58.755,"bb_type":"BII","chi":-133.005,"glyco_bond":"anti","C5prime_xyz":[-2.246,8.723,-0.470],"P_xyz":[-0.711,9.801,-2.200],"form":".","ssZp":1.983,"Dp":1.560,"splay_angle":41.537,"splay_distance":6.766,"splay_ratio":0.359,"eta":-158.586,"theta":129.260,"eta_prime":-147.052,"theta_prime":141.768,"eta_base":-137.354,"theta_base":170.668,"v0":-26.060,"v1":37.943,"v2":-34.636,"v3":20.448,"v4":3.535,"amplitude":37.865,"phase_angle":156.167,"puckering":"C2'-endo","sugar_class":"~C2'-endo","bin":"32t","cluster":"1t","suiteness":0.501,"filter_rmsd":0.014,"frame":{"rmsd":0.014,"origin":[18.465,8.335,-1.483],"x_axis":[0.271,0.907,-0.321],"y_axis":[0.910,-0.351,-0.222],"z_axis":[-0.314,-0.232,-0.921],"quaternion":[0.003,0.797,0.570,-0.199]}},{"index":7,"index_chain":7,"chain_name":"B","nt_resnum":7,"nt_name":"G","nt_code":"G","nt_id":"B.G7","nt_type":"RNA","dbn":".","summary":"anti,~C3'-endo,BI,non-canonical,non-pair-contact,helix-end,multiplet,ss-non-loop,G-tetrad","alpha":-108.567,"beta":146.312,"gamma":63.188,"delta":84.346,"epsilon":-139.875,"zeta":-77.517,"epsilon_zeta":-62.358,"bb_type":"BI","chi":-169.036,"glyco_bond":"anti","C5prime_xyz":[-1.667,8.629,1.018],"P_xyz":[0.934,8.807,0.739],"form":"A","ssZp":4.450,"Dp":4.579,"splay_angle":20.481,"splay_distance":3.416,"splay_ratio":0.184,"eta":165.180,"theta":-136.395,"eta_prime":159.414,"theta_prime":-145.583,"eta_base":-174.989,"theta_base":-137.047,"v0":-0.203,"v1":-21.389,"v2":33.665,"v3":-34.741,"v4":22.008,"amplitude":35.593,"phase_angle":18.944,"puckering":"C3'-endo","sugar_class":"~C3'-endo","bin":"23p","cluster":"4g","suiteness":0.010,"filter_rmsd":0.010,"frame":{"rmsd":0.010,"origin":[15.022,2.584,-2.402],"x_axis":[0.287,0.729,-0.622],"y_axis":[0.941,-0.336,0.041],"z_axis":[-0.179,-0.597,-0.782],"quaternion":[0.206,0.775,0.538,-0.258]}},{"index":8,"index_chain":8,"chain_name":"B","nt_resnum":8,"nt_name":"G","nt_code":"G","nt_id":"B.G8","nt_type":"RNA","dbn":".","summary":"anti,~C3'-endo,non-canonical,non-pair-contact,helix,multiplet,ss-non-loop,G-tetrad,splayed-apart","alpha":-70.872,"beta":174.613,"gamma":47.807,"delta":73.433,"epsilon":-122.804,"zeta":-108.837,"epsilon_zeta":-13.967,"bb_type":"--","chi":-158.937,"glyco_bond":"anti","C5prime_xyz":[-1.624,8.810,0.382],"P_xyz":[0.823,9.698,0.267],"form":".","ssZp":4.255,"Dp":4.831,"splay_angle":111.725,"splay_distance":12.772,"splay_ratio":0.833,"eta":157.174,"theta":-173.167,"eta_prime":164.026,"theta_prime":-162.165,"eta_base":-169.313,"theta_base":-97.718,"v0":3.448,"v1":-27.847,"v2":40.369,"v3":-39.531,"v4":22.660,"amplitude":41.598,"phase_angle":13.965,"puckering":"C3'-endo","sugar_class":"~C3'-endo","bin":"33p","cluster":"1a","suiteness":0.776,"filter_rmsd":0.014,"frame":{"rmsd":0.014,"origin":[12.618,1.718,-4.669],"x_axis":[0.709,0.540,-0.452],"y_axis":[0.669,-0.718,0.191],"z_axis":[-0.222,-0.438,-0.871],"quaternion":[0.173,0.908,0.333,-0.186]}},{"index":9,"index_chain":9,"chain_name":"B","nt_resnum":9,"nt_name":"A","nt_code":"A","nt_id":"B.A9","nt_type":"RNA","dbn":".","summary":"turn,syn,~C2'-endo,non-stack,non-pair-contact,ss-non-loop,phosphate,splayed-apart","alpha":-51.482,"beta":-170.965,"gamma":139.723,"delta":147.602,"epsilon":-80.815,"zeta":88.768,"epsilon_zeta":190.417,"bb_type":"--","chi":38.612,"glyco_bond":"syn","C5prime_xyz":[-5.711,4.344,0.004],"P_xyz":[-6.152,1.802,0.405],"form":".","ssZp":-0.321,"Dp":0.712,"splay_angle":55.804,"splay_distance":9.177,"splay_ratio":0.469,"eta":-30.577,"theta":50.456,"eta_prime":-46.009,"theta_prime":43.195,"eta_base":-92.555,"theta_base":61.670,"v0":-28.115,"v1":42.322,"v2":-39.346,"v3":24.145,"v4":2.255,"amplitude":42.390,"phase_angle":158.155,"puckering":"C2'-endo","sugar_class":"~C2'-endo","bin":"trig","cluster":"!!","suiteness":0.000,"filter_rmsd":0.036,"frame":{"rmsd":0.009,"origin":[18.336,-7.096,-11.931],"x_axis":[0.150,-0.071,-0.986],"y_axis":[-0.977,-0.163,-0.137],"z_axis":[-0.151,0.984,-0.094],"quaternion":[-0.473,0.593,-0.442,-0.479]}},{"index":10,"index_chain":10,"chain_name":"B","nt_resnum":10,"nt_name":"G","nt_code":"G","nt_id":"B.G10","nt_type":"RNA","dbn":".","summary":"anti,~C2'-endo,non-canonical,non-pair-contact,helix-end,multiplet,ss-non-loop,G-tetrad","alpha":-166.462,"beta":100.754,"gamma":-178.561,"delta":142.389,"epsilon":-75.950,"zeta":-146.019,"epsilon_zeta":70.068,"bb_type":"--","chi":-73.030,"glyco_bond":"anti","C5prime_xyz":[-3.041,7.059,-3.008],"P_xyz":[-4.646,6.426,-5.006],"form":".","ssZp":-0.042,"Dp":0.591,"splay_angle":82.363,"splay_distance":13.730,"splay_ratio":0.659,"eta":-111.473,"theta":166.705,"eta_prime":-135.695,"theta_prime":152.137,"eta_base":-124.988,"theta_base":140.535,"v0":-22.247,"v1":33.815,"v2":-31.848,"v3":19.870,"v4":1.376,"amplitude":34.107,"phase_angle":159.029,"puckering":"C2'-endo","sugar_class":"~C2'-endo","bin":"22t","cluster":"!!","suiteness":0.000,"filter_rmsd":0.009,"frame":{"rmsd":0.009,"origin":[13.680,-0.234,-8.000],"x_axis":[-0.461,0.812,-0.359],"y_axis":[-0.856,-0.299,0.422],"z_axis":[0.236,0.501,0.832],"quaternion":[0.518,-0.038,0.287,0.805]}},{"index":11,"index_chain":11,"chain_name":"B","nt_resnum":11,"nt_name":"U","nt_code":"U","nt_id":"B.U11","nt_type":"RNA","dbn":".","summary":"turn,anti,~C3'-endo,non-stack,non-pair-contact,ss-non-loop,splayed-apart","alpha":1.974,"beta":-170.783,"gamma":171.389,"delta":69.999,"epsilon":-140.076,"zeta":121.691,"epsilon_zeta":98.233,"bb_type":"--","chi":-161.585,"glyco_bond":"anti","C5prime_xyz":[-1.607,8.757,0.580],"P_xyz":[-0.742,10.556,-1.102],"form":".","ssZp":4.299,"Dp":4.607,"splay_angle":101.554,"splay_distance":13.131,"splay_ratio":0.775,"eta":18.623,"theta":54.996,"eta_prime":46.978,"theta_prime":-46.011,"eta_base":80.882,"theta_base":-107.326,"v0":4.287,"v1":-31.005,"v2":45.440,"v3":-43.950,"v4":24.536,"amplitude":46.703,"phase_angle":13.352,"puckering":"C3'-endo","sugar_class":"~C3'-endo","bin":"trig","cluster":"!!","suiteness":0.000,"filter_rmsd":0.103,"frame":{"rmsd":0.016,"origin":[16.984,-5.317,4.320],"x_axis":[0.599,0.368,-0.711],"y_axis":[-0.744,-0.074,-0.664],"z_axis":[-0.297,0.927,0.229],"quaternion":[0.662,-0.601,0.156,0.420]}},{"index":12,"index_chain":12,"chain_name":"B","nt_resnum":12,"nt_name":"G","nt_code":"G","nt_id":"B.G12","nt_type":"RNA","dbn":".","summary":"anti,~C3'-endo,non-canonical,non-pair-contact,helix-end,multiplet,ss-non-loop,G-tetrad,splayed-apart","alpha":63.138,"beta":114.426,"gamma":82.549,"delta":77.424,"epsilon":-120.542,"zeta":-96.802,"epsilon_zeta":-23.740,"bb_type":"--","chi":-177.987,"glyco_bond":"anti","C5prime_xyz":[-1.480,8.471,1.588],"P_xyz":[0.735,8.713,0.308],"form":"A","ssZp":4.640,"Dp":4.742,"splay_angle":20.094,"splay_distance":3.264,"splay_ratio":0.179,"eta":-39.090,"theta":-144.970,"eta_prime":65.612,"theta_prime":-153.871,"eta_base":154.451,"theta_base":-150.631,"v0":3.175,"v1":-26.316,"v2":38.688,"v3":-37.990,"v4":22.008,"amplitude":39.937,"phase_angle":14.371,"puckering":"C3'-endo","sugar_class":"~C3'-endo","bin":"33p","cluster":"!!","suiteness":0.000,"filter_rmsd":0.014,"frame":{"rmsd":0.014,"origin":[11.961,4.677,-2.560],"x_axis":[0.872,-0.471,-0.137],"y_axis":[-0.323,-0.762,0.561],"z_axis":[-0.369,-0.445,-0.816],"quaternion":[0.271,0.929,-0.214,-0.136]}},{"index":13,"index_chain":13,"chain_name":"B","nt_resnum":13,"nt_name":"G","nt_code":"G","nt_id":"B.G13","nt_type":"RNA","dbn":".","summary":"anti,~C3'-endo,non-canonical,non-pair-contact,helix,multiplet,ss-non-loop,G-tetrad,phosphate,splayed-apart","alpha":-47.384,"beta":153.426,"gamma":47.374,"delta":77.075,"epsilon":-107.993,"zeta":-113.130,"epsilon_zeta":5.136,"bb_type":"--","chi":-160.111,"glyco_bond":"anti","C5prime_xyz":[-1.618,8.832,0.467],"P_xyz":[0.903,9.439,0.350],"form":".","ssZp":4.107,"Dp":4.727,"splay_angle":110.792,"splay_distance":15.177,"splay_ratio":0.823,"eta":173.225,"theta":-148.084,"eta_prime":179.093,"theta_prime":-148.822,"eta_base":-163.484,"theta_base":-116.442,"v0":0.191,"v1":-24.875,"v2":38.598,"v3":-39.779,"v4":24.865,"amplitude":40.684,"phase_angle":18.426,"puckering":"C3'-endo","sugar_class":"~C3'-endo","bin":"33p","cluster":"1a","suiteness":0.272,"filter_rmsd":0.012,"frame":{"rmsd":0.012,"origin":[11.481,5.230,-5.740],"x_axis":[0.690,-0.697,0.195],"y_axis":[-0.706,-0.587,0.397],"z_axis":[-0.162,-0.411,-0.897],"quaternion":[0.227,0.891,-0.394,0.009]}},{"index":14,"index_chain":14,"chain_name":"B","nt_resnum":14,"nt_name":"U","nt_code":"U","nt_id":"B.U14","nt_type":"RNA","dbn":".","summary":"turn,anti,~C2'-endo,non-stack,non-pair-contact,ss-non-loop,splayed-apart","alpha":4.202,"beta":-169.281,"gamma":82.245,"delta":141.298,"epsilon":-147.751,"zeta":109.511,"epsilon_zeta":102.739,"bb_type":"--","chi":-130.053,"glyco_bond":"anti","C5prime_xyz":[-1.487,8.649,-0.757],"P_xyz":[0.969,8.974,-0.023],"form":".","ssZp":1.488,"Dp":1.684,"splay_angle":69.877,"splay_distance":11.498,"splay_ratio":0.573,"eta":-87.258,"theta":89.067,"eta_prime":-63.443,"theta_prime":50.640,"eta_base":-88.382,"theta_base":50.612,"v0":-19.759,"v1":32.174,"v2":-31.898,"v3":21.344,"v4":-1.240,"amplitude":33.293,"phase_angle":163.356,"puckering":"C2'-endo","sugar_class":"~C2'-endo","bin":"trig","cluster":"!!","suiteness":0.000,"filter_rmsd":0.107,"frame":{"rmsd":0.008,"origin":[3.699,-4.957,-13.866],"x_axis":[0.110,-0.718,0.687],"y_axis":[-0.049,0.687,0.725],"z_axis":[-0.993,-0.113,0.041],"quaternion":[0.678,0.309,-0.620,-0.247]}},{"index":15,"index_chain":15,"chain_name":"B","nt_resnum":15,"nt_name":"G","nt_code":"G","nt_id":"B.G15","nt_type":"RNA","dbn":".","summary":"anti,~C2'-endo,non-canonical,non-pair-contact,helix-end,multiplet,ss-non-loop,G-tetrad,phosphate,splayed-apart","alpha":7.981,"beta":-82.324,"gamma":-100.053,"delta":132.666,"epsilon":-109.344,"zeta":-104.400,"epsilon_zeta":-4.944,"bb_type":"--","chi":-94.972,"glyco_bond":"anti","C5prime_xyz":[-3.157,7.750,-2.428],"P_xyz":[-5.178,7.656,-4.166],"form":".","ssZp":1.263,"Dp":1.529,"splay_angle":139.947,"splay_distance":18.871,"splay_ratio":0.940,"eta":-120.621,"theta":-160.607,"eta_prime":-134.750,"theta_prime":-173.439,"eta_base":-144.087,"theta_base":177.373,"v0":-30.173,"v1":35.521,"v2":-26.945,"v3":10.514,"v4":12.132,"amplitude":34.704,"phase_angle":140.935,"puckering":"C1'-exo","sugar_class":"~C2'-endo","bin":"trig","cluster":"!!","suiteness":0.000,"filter_rmsd":0.013,"frame":{"rmsd":0.013,"origin":[10.352,2.446,-8.109],"x_axis":[0.820,0.430,-0.377],"y_axis":[-0.543,0.792,-0.279],"z_axis":[0.178,0.434,0.883],"quaternion":[0.935,-0.191,0.148,0.260]}},{"index":16,"index_chain":16,"chain_name":"B","nt_resnum":16,"nt_name":"A","nt_code":"A","nt_id":"B.A16","nt_type":"RNA","dbn":".","summary":"turn,anti,~C2'-endo,non-stack,ss-non-loop,splayed-apart","alpha":57.637,"beta":-173.051,"gamma":57.897,"delta":144.089,"epsilon":-102.333,"zeta":91.831,"epsilon_zeta":165.836,"bb_type":"--","chi":-108.773,"glyco_bond":"anti","C5prime_xyz":[-2.457,8.283,-1.835],"P_xyz":[-0.195,9.603,-1.581],"form":".","ssZp":0.732,"Dp":0.906,"splay_angle":173.301,"splay_distance":18.570,"splay_ratio":0.998,"eta":-53.522,"theta":124.639,"eta_prime":-1.145,"theta_prime":111.878,"eta_base":16.113,"theta_base":178.364,"v0":-24.268,"v1":36.583,"v2":-34.537,"v3":21.431,"v4":1.454,"amplitude":37.003,"phase_angle":158.966,"puckering":"C2'-endo","sugar_class":"~C2'-endo","bin":"22p","cluster":"4p","suiteness":0.023,"filter_rmsd":0.045,"frame":{"rmsd":0.014,"origin":[-3.457,13.256,-1.136],"x_axis":[-0.874,-0.419,-0.245],"y_axis":[0.484,-0.711,-0.510],"z_axis":[0.039,-0.564,0.825],"quaternion":[-0.244,-0.056,-0.291,0.923]}},{"index":17,"index_chain":17,"chain_name":"B","nt_resnum":17,"nt_name":"G","nt_code":"G","nt_id":"B.G17","nt_type":"RNA","dbn":".","summary":"anti,~C3'-endo,BI,non-canonical,non-pair-contact,helix,multiplet,ss-non-loop,G-tetrad,cap-acceptor,splayed-apart","alpha":75.202,"beta":123.377,"gamma":44.406,"delta":80.807,"epsilon":-141.071,"zeta":-87.113,"epsilon_zeta":-53.958,"bb_type":"BI","chi":-175.727,"glyco_bond":"anti","C5prime_xyz":[-1.500,8.606,1.405],"P_xyz":[1.094,8.374,1.384],"form":"A","ssZp":4.623,"Dp":4.631,"splay_angle":23.783,"splay_distance":3.763,"splay_ratio":0.209,"eta":-52.633,"theta":-142.214,"eta_prime":-61.789,"theta_prime":-146.462,"eta_base":-110.030,"theta_base":-137.736,"v0":1.115,"v1":-23.786,"v2":36.109,"v3":-36.475,"v4":22.276,"amplitude":37.747,"phase_angle":16.940,"puckering":"C3'-endo","sugar_class":"~C3'-endo","bin":"23p","cluster":"6d","suiteness":0.343,"filter_rmsd":0.009,"frame":{"rmsd":0.009,"origin":[13.944,7.403,-3.933],"x_axis":[-0.349,-0.867,0.355],"y_axis":[-0.875,0.437,0.209],"z_axis":[-0.336,-0.238,-0.911],"quaternion":[-0.211,-0.530,0.821,-0.009]}},{"index":18,"index_chain":18,"chain_name":"B","nt_resnum":18,"nt_name":"G","nt_code":"G","nt_id":"B.G18","nt_type":"RNA","dbn":".","summary":"anti,~C3'-endo,non-canonical,non-pair-contact,helix,multiplet,ss-non-loop,G-tetrad","alpha":-54.818,"beta":170.184,"gamma":43.951,"delta":76.558,"epsilon":-123.741,"zeta":-80.239,"epsilon_zeta":-43.503,"bb_type":"--","chi":-161.779,"glyco_bond":"anti","C5prime_xyz":[-1.353,8.739,0.549],"P_xyz":[1.188,9.213,0.799],"form":".","ssZp":4.327,"Dp":4.793,"splay_angle":77.182,"splay_distance":11.029,"splay_ratio":0.624,"eta":171.470,"theta":-150.007,"eta_prime":177.297,"theta_prime":-129.095,"eta_base":-159.727,"theta_base":-100.007,"v0":2.318,"v1":-25.763,"v2":38.279,"v3":-38.019,"v4":22.461,"amplitude":39.700,"phase_angle":15.377,"puckering":"C3'-endo","sugar_class":"~C3'-endo","bin":"33p","cluster":"1a","suiteness":0.670,"filter_rmsd":0.010,"frame":{"rmsd":0.010,"origin":[14.913,6.036,-7.303],"x_axis":[-0.700,-0.570,0.430],"y_axis":[-0.649,0.759,-0.051],"z_axis":[-0.297,-0.315,-0.902],"quaternion":[-0.198,-0.333,0.917,-0.100]}},{"index":19,"index_chain":19,"chain_name":"B","nt_resnum":19,"nt_name":"A","nt_code":"A","nt_id":"B.A19","nt_type":"RNA","dbn":".","summary":"anti,~C2'-endo,BII,non-stack,non-pair-contact,ss-non-loop","alpha":-57.732,"beta":-122.172,"gamma":79.410,"delta":149.878,"epsilon":-102.726,"zeta":160.077,"epsilon_zeta":97.197,"bb_type":"BII","chi":-101.492,"glyco_bond":"anti","C5prime_xyz":[-2.044,8.049,-2.036],"P_xyz":[0.338,8.622,-1.057],"form":".","ssZp":0.554,"Dp":0.907,"splay_angle":66.614,"splay_distance":10.219,"splay_ratio":0.558,"eta":-107.803,"theta":150.398,"eta_prime":-98.752,"theta_prime":132.746,"eta_base":-110.822,"theta_base":178.294,"v0":-18.253,"v1":34.101,"v2":-36.218,"v3":26.583,"v4":-5.392,"amplitude":36.819,"phase_angle":169.639,"puckering":"C2'-endo","sugar_class":"~C2'-endo","bin":"32p","cluster":"1[","suiteness":0.141,"filter_rmsd":0.034,"frame":{"rmsd":0.008,"origin":[6.842,3.830,-14.487],"x_axis":[-0.588,0.086,0.804],"y_axis":[0.315,0.940,0.130],"z_axis":[-0.745,0.330,-0.580],"quaternion":[-0.439,0.114,0.882,0.130]}},{"index":20,"index_chain":20,"chain_name":"B","nt_resnum":20,"nt_name":"U","nt_code":"U","nt_id":"B.U20","nt_type":"RNA","dbn":".","summary":"turn,syn,~C2'-endo,non-stack,non-canonical,ss-non-loop","alpha":-134.637,"beta":95.835,"gamma":167.095,"delta":155.306,"epsilon":-107.953,"zeta":115.917,"epsilon_zeta":136.130,"bb_type":"--","chi":32.551,"glyco_bond":"syn","C5prime_xyz":[-5.740,4.543,0.019],"P_xyz":[-6.922,3.546,2.136],"form":".","ssZp":0.008,"Dp":1.301,"splay_angle":80.739,"splay_distance":13.589,"splay_ratio":0.648,"eta":-66.227,"theta":31.666,"eta_prime":-110.710,"theta_prime":62.812,"eta_base":-106.852,"theta_base":74.322,"v0":-25.799,"v1":42.492,"v2":-42.022,"v3":28.344,"v4":-1.815,"amplitude":43.810,"phase_angle":163.572,"puckering":"C2'-endo","sugar_class":"~C2'-endo","bin":"22t","cluster":"!!","suiteness":0.000,"filter_rmsd":0.124,"frame":{"rmsd":0.025,"origin":[11.565,5.273,-23.433],"x_axis":[0.120,-0.973,-0.199],"y_axis":[0.826,-0.013,0.564],"z_axis":[-0.551,-0.232,0.802],"quaternion":[0.691,0.288,-0.127,-0.651]}},{"index":21,"index_chain":21,"chain_name":"B","nt_resnum":21,"nt_name":"G","nt_code":"G","nt_id":"B.G21","nt_type":"RNA","dbn":".","summary":"anti,~C2'-endo,non-canonical,non-pair-contact,helix-end,multiplet,ss-non-loop,G-tetrad","alpha":-49.121,"beta":-162.722,"gamma":25.649,"delta":137.282,"epsilon":-50.536,"zeta":-149.587,"epsilon_zeta":99.051,"bb_type":"--","chi":-79.815,"glyco_bond":"anti","C5prime_xyz":[-3.707,7.383,-2.655],"P_xyz":[-2.726,9.564,-3.770],"form":".","ssZp":0.562,"Dp":0.679,"splay_angle":82.382,"splay_distance":12.212,"splay_ratio":0.659,"eta":-105.063,"theta":-86.599,"eta_prime":-115.985,"theta_prime":-145.135,"eta_base":-119.605,"theta_base":-179.566,"v0":-32.203,"v1":41.284,"v2":-33.939,"v3":16.313,"v4":9.653,"amplitude":40.291,"phase_angle":147.390,"puckering":"C2'-endo","sugar_class":"~C2'-endo","bin":"22p","cluster":"!!","suiteness":0.000,"filter_rmsd":0.014,"frame":{"rmsd":0.014,"origin":[12.559,5.125,-9.881],"x_axis":[0.482,-0.848,0.219],"y_axis":[0.849,0.391,-0.356],"z_axis":[0.217,0.357,0.908],"quaternion":[0.834,-0.214,-0.001,-0.509]}},{"index":22,"index_chain":22,"chain_name":"B","nt_resnum":22,"nt_name":"A","nt_code":"A","nt_id":"B.A22","nt_type":"RNA","dbn":".","summary":"turn,anti,~C2'-endo,non-stack,non-pair-contact,ss-non-loop,phosphate","alpha":65.349,"beta":-132.448,"gamma":65.517,"delta":150.574,"epsilon":-76.909,"zeta":-91.972,"epsilon_zeta":15.063,"bb_type":"--","chi":-140.955,"glyco_bond":"anti","C5prime_xyz":[-1.427,8.613,-0.007],"P_xyz":[0.319,8.696,1.927],"form":".","ssZp":0.540,"Dp":0.587,"splay_angle":76.341,"splay_distance":12.992,"splay_ratio":0.619,"eta":3.401,"theta":-46.713,"eta_prime":71.939,"theta_prime":-100.317,"eta_base":97.139,"theta_base":-97.900,"v0":-17.355,"v1":33.322,"v2":-35.783,"v3":26.637,"v4":-5.996,"amplitude":36.260,"phase_angle":170.695,"puckering":"C2'-endo","sugar_class":"~C2'-endo","bin":"22p","cluster":"4p","suiteness":0.033,"filter_rmsd":0.036,"frame":{"rmsd":0.010,"origin":[11.278,16.796,-6.526],"x_axis":[-0.757,0.146,-0.637],"y_axis":[0.613,-0.176,-0.770],"z_axis":[-0.224,-0.973,0.044],"quaternion":[-0.166,-0.306,-0.620,0.703]}},{"index":23,"index_chain":23,"chain_name":"B","nt_resnum":23,"nt_name":"G","nt_code":"G","nt_id":"B.G23","nt_type":"RNA","dbn":".","summary":"anti,~C3'-endo,BI,non-canonical,non-pair-contact,helix,multiplet,ss-non-loop,G-tetrad","alpha":-57.591,"beta":-153.453,"gamma":-69.392,"delta":90.333,"epsilon":-162.116,"zeta":-65.181,"epsilon_zeta":-96.935,"bb_type":"BI","chi":-160.164,"glyco_bond":"anti","C5prime_xyz":[-1.033,8.455,0.655],"P_xyz":[-0.264,10.832,1.331],"form":"A","ssZp":4.382,"Dp":4.535,"splay_angle":22.834,"splay_distance":3.650,"splay_ratio":0.200,"eta":71.100,"theta":173.336,"eta_prime":112.545,"theta_prime":-174.862,"eta_base":141.353,"theta_base":-150.663,"v0":10.497,"v1":-28.475,"v2":34.538,"v3":-29.540,"v4":12.177,"amplitude":34.550,"phase_angle":1.480,"puckering":"C3'-endo","sugar_class":"~C3'-endo","bin":"23m","cluster":"!!","suiteness":0.000,"filter_rmsd":0.009,"frame":{"rmsd":0.009,"origin":[16.766,5.348,-3.768],"x_axis":[-0.918,0.394,0.034],"y_axis":[0.350,0.849,-0.395],"z_axis":[-0.185,-0.351,-0.918],"quaternion":[-0.057,0.194,0.960,-0.194]}},{"index":24,"index_chain":24,"chain_name":"B","nt_resnum":24,"nt_name":"G","nt_code":"G","nt_id":"B.G24","nt_type":"RNA","dbn":".","summary":"anti,~C3'-endo,non-canonical,non-pair-contact,helix,multiplet,ss-non-loop,G-tetrad,phosphate,splayed-apart","alpha":-91.189,"beta":-177.810,"gamma":65.898,"delta":77.798,"epsilon":-115.116,"zeta":-126.907,"epsilon_zeta":11.792,"bb_type":"--","chi":-162.387,"glyco_bond":"anti","C5prime_xyz":[-1.284,8.794,0.604],"P_xyz":[1.301,9.278,0.541],"form":".","ssZp":4.323,"Dp":4.799,"splay_angle":110.233,"splay_distance":14.568,"splay_ratio":0.821,"eta":168.798,"theta":-142.832,"eta_prime":176.244,"theta_prime":-144.834,"eta_base":-162.166,"theta_base":-103.025,"v0":1.290,"v1":-24.304,"v2":36.992,"v3":-37.240,"v4":22.670,"amplitude":38.636,"phase_angle":16.773,"puckering":"C3'-endo","sugar_class":"~C3'-endo","bin":"33p","cluster":"1a","suiteness":0.318,"filter_rmsd":0.012,"frame":{"rmsd":0.012,"origin":[16.035,2.458,-5.875],"x_axis":[-0.665,0.739,-0.110],"y_axis":[0.696,0.560,-0.449],"z_axis":[-0.270,-0.375,-0.887],"quaternion":[-0.045,0.407,0.882,-0.233]}},{"index":25,"index_chain":25,"chain_name":"B","nt_resnum":25,"nt_name":"C","nt_code":"C","nt_id":"B.C25","nt_type":"RNA","dbn":".","summary":"turn,anti,~C2'-endo,non-stack,non-canonical,non-pair-contact,ss-non-loop,phosphate,splayed-apart","alpha":61.330,"beta":159.573,"gamma":55.032,"delta":149.610,"epsilon":-126.806,"zeta":113.573,"epsilon_zeta":119.621,"bb_type":"--","chi":-100.701,"glyco_bond":"anti","C5prime_xyz":[-1.832,8.047,-2.083],"P_xyz":[0.772,8.251,-2.181],"form":".","ssZp":1.080,"Dp":1.440,"splay_angle":65.939,"splay_distance":10.961,"splay_ratio":0.544,"eta":-79.930,"theta":86.403,"eta_prime":-54.137,"theta_prime":44.648,"eta_base":-89.668,"theta_base":52.489,"v0":-16.854,"v1":33.131,"v2":-36.041,"v3":27.195,"v4":-6.640,"amplitude":36.421,"phase_angle":171.716,"puckering":"C2'-endo","sugar_class":"~C2'-endo","bin":"32p","cluster":"7p","suiteness":0.330,"filter_rmsd":0.061,"frame":{"rmsd":0.004,"origin":[17.217,4.331,-20.274],"x_axis":[0.402,0.913,-0.063],"y_axis":[0.670,-0.247,0.700],"z_axis":[0.624,-0.323,-0.712],"quaternion":[0.333,0.768,0.515,0.182]}},{"index":26,"index_chain":26,"chain_name":"B","nt_resnum":26,"nt_name":"G","nt_code":"G","nt_id":"B.G26","nt_type":"RNA","dbn":".","summary":"anti,~C2'-endo,non-canonical,non-pair-contact,helix-end,multiplet,ss-non-loop,G-tetrad,cap-acceptor,splayed-apart","alpha":-36.846,"beta":-72.110,"gamma":-86.249,"delta":141.460,"epsilon":-159.173,"zeta":-130.288,"epsilon_zeta":-28.886,"bb_type":"--","chi":-56.458,"glyco_bond":"anti","C5prime_xyz":[-3.205,6.548,-3.204],"P_xyz":[-5.551,6.929,-4.332],"form":".","ssZp":0.647,"Dp":2.084,"splay_angle":108.772,"splay_distance":17.966,"splay_ratio":0.814,"eta":-145.932,"theta":98.388,"eta_prime":-154.601,"theta_prime":111.097,"eta_base":-160.297,"theta_base":110.360,"v0":-18.340,"v1":31.175,"v2":-31.525,"v3":21.679,"v4":-2.281,"amplitude":32.600,"phase_angle":165.244,"puckering":"C2'-endo","sugar_class":"~C2'-endo","bin":"22m","cluster":"!!","suiteness":0.000,"filter_rmsd":0.019,"frame":{"rmsd":0.019,"origin":[15.479,2.865,-9.552],"x_axis":[-0.809,-0.323,0.492],"y_axis":[0.464,-0.864,0.195],"z_axis":[0.363,0.385,0.848],"quaternion":[-0.209,0.228,0.155,0.938]}},{"index":27,"index_chain":27,"chain_name":"B","nt_resnum":27,"nt_name":"A","nt_code":"A","nt_id":"B.A27","nt_type":"RNA","dbn":".","summary":"anti,non-stack,non-pair-contact,ss-non-loop,phosphate,splayed-apart","alpha":-57.976,"beta":-118.787,"gamma":-66.658,"delta":88.206,"epsilon":-92.244,"zeta":-140.849,"epsilon_zeta":48.605,"bb_type":"--","chi":-156.250,"glyco_bond":"anti","C5prime_xyz":[-3.471,8.728,-0.073],"P_xyz":[-5.504,10.298,-0.628],"form":".","ssZp":2.720,"Dp":2.803,"splay_angle":46.313,"splay_distance":7.961,"splay_ratio":0.393,"eta":133.029,"theta":97.219,"eta_prime":99.655,"theta_prime":95.450,"eta_base":94.240,"theta_base":78.254,"v0":-29.410,"v1":10.338,"v2":11.162,"v3":-28.370,"v4":36.339,"amplitude":35.728,"phase_angle":71.795,"puckering":"C4'-exo","sugar_class":"--","bin":"23m","cluster":"!!","suiteness":0.000,"filter_rmsd":0.037,"frame":{"rmsd":0.021,"origin":[33.057,1.858,-5.978],"x_axis":[0.018,0.993,-0.120],"y_axis":[-0.951,-0.020,-0.308],"z_axis":[-0.309,0.119,0.944],"quaternion":[0.697,-0.153,-0.068,0.697]}},{"index":28,"index_chain":28,"chain_name":"B","nt_resnum":28,"nt_name":"U","nt_code":"U","nt_id":"B.U28","nt_type":"RNA","dbn":".","summary":"anti,~C2'-endo,non-stack,non-pair-contact,ss-non-loop","alpha":-40.332,"beta":-43.198,"gamma":-131.366,"delta":146.186,"epsilon":null,"zeta":null,"epsilon_zeta":null,"bb_type":"--","chi":-148.222,"glyco_bond":"anti","C5prime_xyz":[-1.757,8.768,0.273],"P_xyz":[-1.860,9.655,-2.186],"form":"-","ssZp":null,"Dp":null,"splay_angle":null,"splay_distance":null,"splay_ratio":null,"eta":null,"theta":null,"eta_prime":null,"theta_prime":null,"eta_base":null,"theta_base":null,"v0":-22.343,"v1":36.815,"v2":-36.914,"v3":25.037,"v4":-1.917,"amplitude":38.369,"phase_angle":164.174,"puckering":"C2'-endo","sugar_class":"~C2'-endo","bin":"trig","cluster":"!!","suiteness":0.000,"filter_rmsd":0.118,"frame":{"rmsd":0.020,"origin":[33.982,-5.784,-8.010],"x_axis":[0.485,0.798,0.359],"y_axis":[-0.807,0.249,0.535],"z_axis":[0.338,-0.549,0.765],"quaternion":[0.790,0.343,-0.007,0.508]}},{"index":29,"index_chain":1,"chain_name":"E","nt_resnum":1,"nt_name":"A","nt_code":"A","nt_id":"E.A1","nt_type":"RNA","dbn":".","summary":"~C2'-endo,non-canonical,non-pair-contact,helix,ss-non-loop,cap-donor,cap-acceptor","alpha":null,"beta":null,"gamma":179.456,"delta":106.373,"epsilon":59.818,"zeta":-44.488,"epsilon_zeta":-255.694,"bb_type":"--","chi":-43.263,"glyco_bond":"--","C5prime_xyz":[-5.797,5.480,-1.338],"P_xyz":[null,null,null],"form":"A","ssZp":2.893,"Dp":2.456,"splay_angle":26.994,"splay_distance":4.283,"splay_ratio":0.237,"eta":null,"theta":null,"eta_prime":null,"theta_prime":null,"eta_base":null,"theta_base":null,"v0":-38.317,"v1":34.343,"v2":-17.739,"v3":-2.715,"v4":24.934,"amplitude":37.107,"phase_angle":118.558,"puckering":"C1'-exo","sugar_class":"~C2'-endo","bin":"inc","cluster":"__","suiteness":0.000,"filter_rmsd":0.037,"frame":{"rmsd":0.023,"origin":[16.989,8.624,-2.137],"x_axis":[0.569,0.652,-0.501],"y_axis":[-0.653,0.729,0.206],"z_axis":[0.500,0.210,0.840],"quaternion":[0.886,-0.001,0.283,0.368]}},{"index":30,"index_chain":2,"chain_name":"E","nt_resnum":2,"nt_name":"U","nt_code":"U","nt_id":"E.U2","nt_type":"RNA","dbn":")","summary":"anti,~C3'-endo,BI,canonical,non-pair-contact,helix,stem-end,phosphate","alpha":-90.391,"beta":-162.386,"gamma":79.908,"delta":79.219,"epsilon":-131.306,"zeta":-86.496,"epsilon_zeta":-44.810,"bb_type":"BI","chi":-159.009,"glyco_bond":"anti","C5prime_xyz":[-1.458,8.843,0.437],"P_xyz":[1.145,9.337,0.557],"form":"A","ssZp":4.206,"Dp":4.632,"splay_angle":21.308,"splay_distance":3.438,"splay_ratio":0.185,"eta":-175.435,"theta":-145.557,"eta_prime":172.799,"theta_prime":-143.892,"eta_base":-137.808,"theta_base":-117.136,"v0":0.910,"v1":-24.403,"v2":37.484,"v3":-37.771,"v4":23.122,"amplitude":39.226,"phase_angle":17.141,"puckering":"C3'-endo","sugar_class":"~C3'-endo","bin":"trig","cluster":"!!","suiteness":0.000,"filter_rmsd":0.100,"frame":{"rmsd":0.024,"origin":[20.062,8.964,0.827],"x_axis":[0.012,0.971,-0.239],"y_axis":[-0.945,0.089,0.315],"z_axis":[0.327,0.222,0.918],"quaternion":[0.710,0.033,0.199,0.674]}},{"index":31,"index_chain":3,"chain_name":"E","nt_resnum":3,"nt_name":"C","nt_code":"C","nt_id":"E.C3","nt_type":"RNA","dbn":")","summary":"anti,~C3'-endo,BI,canonical,non-pair-contact,helix,stem","alpha":-53.685,"beta":158.450,"gamma":49.371,"delta":74.770,"epsilon":-152.760,"zeta":-63.716,"epsilon_zeta":-89.044,"bb_type":"BI","chi":-157.192,"glyco_bond":"anti","C5prime_xyz":[-1.557,8.815,0.332],"P_xyz":[0.944,9.353,0.077],"form":"A","ssZp":4.378,"Dp":4.686,"splay_angle":27.947,"splay_distance":4.427,"splay_ratio":0.243,"eta":160.656,"theta":-143.195,"eta_prime":174.350,"theta_prime":-142.251,"eta_base":-144.773,"theta_base":-111.640,"v0":1.345,"v1":-26.229,"v2":39.901,"v3":-40.260,"v4":24.679,"amplitude":41.707,"phase_angle":16.923,"puckering":"C3'-endo","sugar_class":"~C3'-endo","bin":"33p","cluster":"1a","suiteness":0.612,"filter_rmsd":0.060,"frame":{"rmsd":0.008,"origin":[21.945,10.611,3.186],"x_axis":[-0.527,0.822,-0.215],"y_axis":[-0.782,-0.369,0.503],"z_axis":[0.334,0.433,0.837],"quaternion":[0.485,0.036,0.283,0.827]}},{"index":32,"index_chain":4,"chain_name":"E","nt_resnum":4,"nt_name":"G","nt_code":"G","nt_id":"E.G4","nt_type":"RNA","dbn":")","summary":"anti,~C3'-endo,BI,canonical,non-pair-contact,helix,stem","alpha":-64.697,"beta":-179.672,"gamma":50.572,"delta":78.837,"epsilon":-145.428,"zeta":-69.052,"epsilon_zeta":-76.376,"bb_type":"BI","chi":-166.034,"glyco_bond":"anti","C5prime_xyz":[-1.577,8.681,0.863],"P_xyz":[0.948,9.208,1.392],"form":"A","ssZp":4.587,"Dp":4.718,"splay_angle":22.622,"splay_distance":3.793,"splay_ratio":0.205,"eta":169.633,"theta":-142.095,"eta_prime":-176.754,"theta_prime":-140.346,"eta_base":-130.839,"theta_base":-117.355,"v0":3.980,"v1":-26.723,"v2":38.188,"v3":-36.859,"v4":20.811,"amplitude":39.180,"phase_angle":12.923,"puckering":"C3'-endo","sugar_class":"~C3'-endo","bin":"33p","cluster":"1a","suiteness":0.836,"filter_rmsd":0.011,"frame":{"rmsd":0.011,"origin":[22.599,14.362,5.447],"x_axis":[-0.954,0.266,-0.138],"y_axis":[-0.299,-0.817,0.493],"z_axis":[0.019,0.512,0.859],"quaternion":[0.148,-0.031,0.264,0.953]}},{"index":33,"index_chain":5,"chain_name":"E","nt_resnum":5,"nt_name":"A","nt_code":"A","nt_id":"E.A5","nt_type":"RNA","dbn":")","summary":"anti,~C3'-endo,canonical,non-pair-contact,helix,stem-end","alpha":-53.927,"beta":170.077,"gamma":56.101,"delta":78.935,"epsilon":-131.870,"zeta":-101.716,"epsilon_zeta":-30.154,"bb_type":"--","chi":-161.006,"glyco_bond":"anti","C5prime_xyz":[-1.791,8.836,0.491],"P_xyz":[0.611,9.767,0.814],"form":".","ssZp":4.149,"Dp":4.504,"splay_angle":17.229,"splay_distance":2.802,"splay_ratio":0.150,"eta":-178.884,"theta":-159.464,"eta_prime":-166.293,"theta_prime":-147.077,"eta_base":-132.287,"theta_base":-134.311,"v0":-5.136,"v1":-18.185,"v2":33.153,"v3":-37.226,"v4":26.700,"amplitude":37.045,"phase_angle":26.502,"puckering":"C3'-endo","sugar_class":"~C3'-endo","bin":"33p","cluster":"1a","suiteness":0.870,"filter_rmsd":0.037,"frame":{"rmsd":0.011,"origin":[21.971,17.803,6.912],"x_axis":[-0.971,-0.233,0.049],"y_axis":[0.219,-0.794,0.567],"z_axis":[-0.093,0.562,0.822],"quaternion":[-0.119,-0.011,0.298,0.947]}},{"index":34,"index_chain":6,"chain_name":"E","nt_resnum":6,"nt_name":"G","nt_code":"G","nt_id":"E.G6","nt_type":"RNA","dbn":".","summary":"anti,~C2'-endo,non-canonical,non-pair-contact,helix,ss-non-loop","alpha":-37.527,"beta":152.916,"gamma":52.206,"delta":144.528,"epsilon":-144.362,"zeta":-171.510,"epsilon_zeta":27.148,"bb_type":"--","chi":-112.289,"glyco_bond":"anti","C5prime_xyz":[-2.423,8.468,-1.539],"P_xyz":[0.082,9.152,-1.650],"form":".","ssZp":2.072,"Dp":1.904,"splay_angle":40.173,"splay_distance":6.507,"splay_ratio":0.345,"eta":176.822,"theta":172.244,"eta_prime":-150.109,"theta_prime":154.497,"eta_base":-137.723,"theta_base":176.835,"v0":-25.788,"v1":38.275,"v2":-35.595,"v3":21.586,"v4":2.428,"amplitude":38.469,"phase_angle":157.711,"puckering":"C2'-endo","sugar_class":"~C2'-endo","bin":"32p","cluster":"1b","suiteness":0.227,"filter_rmsd":0.011,"frame":{"rmsd":0.011,"origin":[21.647,20.008,8.610],"x_axis":[-0.793,-0.591,0.148],"y_axis":[0.473,-0.444,0.760],"z_axis":[-0.384,0.673,0.632],"quaternion":[-0.314,-0.069,0.423,0.847]}},{"index":35,"index_chain":7,"chain_name":"E","nt_resnum":7,"nt_name":"G","nt_code":"G","nt_id":"E.G7","nt_type":"RNA","dbn":".","summary":"anti,~C3'-endo,BI,non-canonical,non-pair-contact,helix-end,multiplet,ss-non-loop,G-tetrad,phosphate","alpha":-84.554,"beta":159.111,"gamma":48.989,"delta":83.303,"epsilon":-158.828,"zeta":-72.412,"epsilon_zeta":-86.416,"bb_type":"BI","chi":-163.114,"glyco_bond":"anti","C5prime_xyz":[-1.437,8.666,0.744],"P_xyz":[1.156,8.924,0.931],"form":"A","ssZp":4.393,"Dp":4.538,"splay_angle":23.350,"splay_distance":3.706,"splay_ratio":0.205,"eta":167.164,"theta":-148.573,"eta_prime":156.844,"theta_prime":-152.687,"eta_base":-179.375,"theta_base":-137.695,"v0":4.360,"v1":-25.732,"v2":36.116,"v3":-34.638,"v4":19.087,"amplitude":36.923,"phase_angle":12.004,"puckering":"C3'-endo","sugar_class":"~C3'-endo","bin":"23p","cluster":"0a","suiteness":0.026,"filter_rmsd":0.014,"frame":{"rmsd":0.014,"origin":[24.223,25.976,8.914],"x_axis":[-0.766,-0.510,0.390],"y_axis":[0.638,-0.534,0.555],"z_axis":[-0.075,0.674,0.735],"quaternion":[-0.330,0.090,0.353,0.871]}},{"index":36,"index_chain":8,"chain_name":"E","nt_resnum":8,"nt_name":"G","nt_code":"G","nt_id":"E.G8","nt_type":"RNA","dbn":".","summary":"anti,~C3'-endo,BI,non-canonical,non-pair-contact,helix,multiplet,ss-non-loop,G-tetrad,splayed-apart","alpha":-60.261,"beta":-179.264,"gamma":38.211,"delta":75.029,"epsilon":-143.962,"zeta":-91.887,"epsilon_zeta":-52.075,"bb_type":"BI","chi":-161.822,"glyco_bond":"anti","C5prime_xyz":[-1.196,8.700,0.607],"P_xyz":[1.326,9.179,1.050],"form":".","ssZp":4.507,"Dp":4.758,"splay_angle":111.208,"splay_distance":12.611,"splay_ratio":0.828,"eta":163.209,"theta":-170.455,"eta_prime":169.922,"theta_prime":-156.071,"eta_base":-158.979,"theta_base":-95.290,"v0":8.032,"v1":-32.641,"v2":43.461,"v3":-39.954,"v4":20.003,"amplitude":43.911,"phase_angle":8.204,"puckering":"C3'-endo","sugar_class":"~C3'-endo","bin":"33p","cluster":"1a","suiteness":0.550,"filter_rmsd":0.007,"frame":{"rmsd":0.007,"origin":[22.982,29.267,10.079],"x_axis":[-0.378,-0.716,0.587],"y_axis":[0.920,-0.219,0.325],"z_axis":[-0.105,0.663,0.741],"quaternion":[0.535,-0.158,-0.323,-0.765]}},{"index":37,"index_chain":9,"chain_name":"E","nt_resnum":9,"nt_name":"A","nt_code":"A","nt_id":"E.A9","nt_type":"RNA","dbn":".","summary":"turn,syn,~C2'-endo,non-stack,non-pair-contact,ss-non-loop,phosphate,splayed-apart","alpha":-88.500,"beta":-145.225,"gamma":168.955,"delta":143.896,"epsilon":-93.154,"zeta":111.993,"epsilon_zeta":154.853,"bb_type":"--","chi":37.927,"glyco_bond":"syn","C5prime_xyz":[-5.818,4.570,0.093],"P_xyz":[-6.336,2.179,1.020],"form":".","ssZp":-0.636,"Dp":1.095,"splay_angle":58.151,"splay_distance":9.706,"splay_ratio":0.487,"eta":-25.192,"theta":48.703,"eta_prime":-48.223,"theta_prime":45.174,"eta_base":-93.268,"theta_base":59.884,"v0":-30.318,"v1":42.259,"v2":-37.135,"v3":20.680,"v4":5.766,"amplitude":41.594,"phase_angle":153.227,"puckering":"C2'-endo","sugar_class":"~C2'-endo","bin":"32t","cluster":"!!","suiteness":0.000,"filter_rmsd":0.035,"frame":{"rmsd":0.015,"origin":[27.999,32.726,21.120],"x_axis":[-0.494,0.293,0.819],"y_axis":[-0.334,0.805,-0.490],"z_axis":[-0.803,-0.515,-0.300],"quaternion":[0.503,0.012,-0.806,0.312]}},{"index":38,"index_chain":10,"chain_name":"E","nt_resnum":10,"nt_name":"G","nt_code":"G","nt_id":"E.G10","nt_type":"RNA","dbn":".","summary":"anti,~C2'-endo,non-canonical,non-pair-contact,helix-end,multiplet,ss-non-loop,G-tetrad,splayed-apart","alpha":-143.913,"beta":85.631,"gamma":-179.811,"delta":138.054,"epsilon":-106.651,"zeta":-127.046,"epsilon_zeta":20.395,"bb_type":"--","chi":-89.725,"glyco_bond":"anti","C5prime_xyz":[-3.043,7.717,-2.531],"P_xyz":[-4.622,7.132,-4.571],"form":".","ssZp":1.023,"Dp":1.275,"splay_angle":130.301,"splay_distance":19.472,"splay_ratio":0.908,"eta":-105.605,"theta":-163.407,"eta_prime":-132.641,"theta_prime":174.489,"eta_base":-122.423,"theta_base":156.748,"v0":-28.391,"v1":37.448,"v2":-31.791,"v3":16.323,"v4":7.321,"amplitude":36.765,"phase_angle":149.847,"puckering":"C2'-endo","sugar_class":"~C2'-endo","bin":"22t","cluster":"!!","suiteness":0.000,"filter_rmsd":0.012,"frame":{"rmsd":0.012,"origin":[22.745,30.673,13.222],"x_axis":[-0.967,0.053,-0.249],"y_axis":[0.212,0.707,-0.675],"z_axis":[0.140,-0.705,-0.695],"quaternion":[0.106,0.072,0.918,-0.376]}},{"index":39,"index_chain":11,"chain_name":"E","nt_resnum":11,"nt_name":"U","nt_code":"U","nt_id":"E.U11","nt_type":"RNA","dbn":".","summary":"turn,anti,~C2'-endo,non-stack,ss-non-loop,splayed-apart","alpha":167.050,"beta":-147.000,"gamma":-42.833,"delta":152.495,"epsilon":-138.982,"zeta":98.673,"epsilon_zeta":122.345,"bb_type":"--","chi":-123.269,"glyco_bond":"anti","C5prime_xyz":[-1.744,8.499,-0.923],"P_xyz":[-1.375,11.067,-0.774],"form":".","ssZp":1.614,"Dp":1.591,"splay_angle":155.712,"splay_distance":18.364,"splay_ratio":0.978,"eta":-29.413,"theta":82.002,"eta_prime":16.210,"theta_prime":97.460,"eta_base":41.593,"theta_base":-131.821,"v0":-17.579,"v1":34.320,"v2":-37.144,"v3":27.908,"v4":-6.758,"amplitude":37.563,"phase_angle":171.427,"puckering":"C2'-endo","sugar_class":"~C2'-endo","bin":"22m","cluster":"!!","suiteness":0.000,"filter_rmsd":0.102,"frame":{"rmsd":0.006,"origin":[38.254,31.823,1.505],"x_axis":[0.770,0.263,0.581],"y_axis":[-0.638,0.319,0.701],"z_axis":[-0.001,-0.911,0.413],"quaternion":[0.791,0.510,-0.184,0.285]}},{"index":40,"index_chain":12,"chain_name":"E","nt_resnum":12,"nt_name":"G","nt_code":"G","nt_id":"E.G12","nt_type":"RNA","dbn":".","summary":"anti,~C3'-endo,BI,non-canonical,non-pair-contact,helix-end,multiplet,ss-non-loop,G-tetrad,splayed-apart","alpha":65.887,"beta":120.780,"gamma":70.920,"delta":85.041,"epsilon":-145.134,"zeta":-89.455,"epsilon_zeta":-55.679,"bb_type":"BI","chi":-170.054,"glyco_bond":"anti","C5prime_xyz":[-1.773,8.745,1.022],"P_xyz":[0.712,8.923,0.094],"form":"A","ssZp":4.437,"Dp":4.476,"splay_angle":20.613,"splay_distance":3.297,"splay_ratio":0.181,"eta":-55.150,"theta":-143.892,"eta_prime":-64.871,"theta_prime":-153.727,"eta_base":-173.903,"theta_base":-142.247,"v0":-3.444,"v1":-17.661,"v2":30.742,"v3":-33.565,"v4":23.288,"amplitude":33.719,"phase_angle":24.257,"puckering":"C3'-endo","sugar_class":"~C3'-endo","bin":"23p","cluster":"6d","suiteness":0.169,"filter_rmsd":0.008,"frame":{"rmsd":0.008,"origin":[21.252,27.160,6.646],"x_axis":[0.562,-0.441,0.699],"y_axis":[0.804,0.489,-0.338],"z_axis":[-0.193,0.753,0.630],"quaternion":[0.819,-0.333,-0.272,-0.380]}},{"index":41,"index_chain":13,"chain_name":"E","nt_resnum":13,"nt_name":"G","nt_code":"G","nt_id":"E.G13","nt_type":"RNA","dbn":".","summary":"anti,~C3'-endo,non-canonical,non-pair-contact,helix,multiplet,ss-non-loop,G-tetrad,phosphate,splayed-apart","alpha":-53.131,"beta":168.413,"gamma":40.944,"delta":79.047,"epsilon":-136.267,"zeta":-126.752,"epsilon_zeta":-9.515,"bb_type":"--","chi":-152.103,"glyco_bond":"anti","C5prime_xyz":[-1.711,8.727,0.029],"P_xyz":[0.832,9.317,0.218],"form":".","ssZp":4.075,"Dp":4.709,"splay_angle":106.953,"splay_distance":14.151,"splay_ratio":0.804,"eta":166.709,"theta":-154.381,"eta_prime":174.185,"theta_prime":-151.210,"eta_base":-158.518,"theta_base":-107.914,"v0":2.243,"v1":-24.615,"v2":36.573,"v3":-36.297,"v4":21.494,"amplitude":37.929,"phase_angle":15.366,"puckering":"C3'-endo","sugar_class":"~C3'-endo","bin":"33p","cluster":"1a","suiteness":0.556,"filter_rmsd":0.022,"frame":{"rmsd":0.022,"origin":[19.294,28.476,8.948],"x_axis":[0.888,-0.185,0.421],"y_axis":[0.405,0.749,-0.525],"z_axis":[-0.218,0.637,0.740],"quaternion":[0.919,-0.316,-0.174,-0.161]}},{"index":42,"index_chain":14,"chain_name":"E","nt_resnum":14,"nt_name":"U","nt_code":"U","nt_id":"E.U14","nt_type":"RNA","dbn":".","summary":"turn,anti,~C2'-endo,non-stack,non-pair-contact,ss-non-loop,phosphate,splayed-apart","alpha":64.648,"beta":150.657,"gamma":59.113,"delta":148.801,"epsilon":-107.414,"zeta":100.977,"epsilon_zeta":151.609,"bb_type":"--","chi":-105.777,"glyco_bond":"anti","C5prime_xyz":[-1.891,8.155,-1.881],"P_xyz":[0.726,8.169,-2.051],"form":".","ssZp":0.808,"Dp":1.103,"splay_angle":62.213,"splay_distance":10.447,"splay_ratio":0.517,"eta":-71.351,"theta":77.608,"eta_prime":-54.892,"theta_prime":43.071,"eta_base":-92.032,"theta_base":54.228,"v0":-18.354,"v1":33.782,"v2":-35.464,"v3":25.786,"v4":-4.840,"amplitude":36.146,"phase_angle":168.852,"puckering":"C2'-endo","sugar_class":"~C2'-endo","bin":"32p","cluster":"7p","suiteness":0.171,"filter_rmsd":0.107,"frame":{"rmsd":0.009,"origin":[21.347,41.563,13.926],"x_axis":[0.854,0.227,-0.468],"y_axis":[-0.396,-0.300,-0.868],"z_axis":[-0.338,0.926,-0.166],"quaternion":[0.589,-0.762,0.055,0.264]}},{"index":43,"index_chain":15,"chain_name":"E","nt_resnum":15,"nt_name":"G","nt_code":"G","nt_id":"E.G15","nt_type":"RNA","dbn":".","summary":"anti,~C2'-endo,non-canonical,non-pair-contact,helix-end,multiplet,ss-non-loop,G-tetrad,splayed-apart","alpha":-122.525,"beta":70.234,"gamma":-171.605,"delta":129.564,"epsilon":-118.965,"zeta":-96.632,"epsilon_zeta":-22.333,"bb_type":"--","chi":-98.158,"glyco_bond":"anti","C5prime_xyz":[-3.067,8.035,-2.303],"P_xyz":[-4.914,7.558,-4.167],"form":".","ssZp":1.491,"Dp":1.756,"splay_angle":141.681,"splay_distance":18.777,"splay_ratio":0.945,"eta":-115.144,"theta":-161.185,"eta_prime":-128.406,"theta_prime":-172.923,"eta_base":-138.443,"theta_base":175.636,"v0":-30.629,"v1":36.148,"v2":-27.903,"v3":10.963,"v4":12.048,"amplitude":35.564,"phase_angle":141.683,"puckering":"C1'-exo","sugar_class":"~C2'-endo","bin":"22t","cluster":"!!","suiteness":0.000,"filter_rmsd":0.011,"frame":{"rmsd":0.011,"origin":[19.769,31.626,11.114],"x_axis":[-0.238,-0.771,0.591],"y_axis":[-0.948,0.054,-0.312],"z_axis":[0.209,-0.635,-0.744],"quaternion":[-0.134,-0.602,0.713,-0.332]}},{"index":44,"index_chain":16,"chain_name":"E","nt_resnum":16,"nt_name":"A","nt_code":"A","nt_id":"E.A16","nt_type":"RNA","dbn":".","summary":"turn,anti,~C2'-endo,non-stack,non-pair-contact,ss-non-loop,splayed-apart","alpha":79.408,"beta":174.716,"gamma":43.571,"delta":148.637,"epsilon":-85.065,"zeta":83.066,"epsilon_zeta":191.869,"bb_type":"--","chi":-108.540,"glyco_bond":"anti","C5prime_xyz":[-2.155,8.320,-1.734],"P_xyz":[0.202,9.445,-1.249],"form":".","ssZp":0.392,"Dp":0.503,"splay_angle":173.884,"splay_distance":18.471,"splay_ratio":0.999,"eta":-53.457,"theta":126.692,"eta_prime":3.340,"theta_prime":109.895,"eta_base":21.240,"theta_base":-151.422,"v0":-22.086,"v1":36.859,"v2":-36.727,"v3":24.860,"v4":-2.000,"amplitude":38.177,"phase_angle":164.153,"puckering":"C2'-endo","sugar_class":"~C2'-endo","bin":"22p","cluster":"!!","suiteness":0.000,"filter_rmsd":0.041,"frame":{"rmsd":0.010,"origin":[10.188,33.943,-4.867],"x_axis":[-0.148,0.986,-0.076],"y_axis":[0.427,0.133,0.894],"z_axis":[0.892,0.100,-0.441],"quaternion":[0.369,0.539,0.656,0.379]}},{"index":45,"index_chain":17,"chain_name":"E","nt_resnum":17,"nt_name":"G","nt_code":"G","nt_id":"E.G17","nt_type":"RNA","dbn":".","summary":"anti,~C3'-endo,BI,non-canonical,non-pair-contact,helix,multiplet,ss-non-loop,G-tetrad,splayed-apart","alpha":93.133,"beta":112.518,"gamma":34.168,"delta":78.833,"epsilon":-158.115,"zeta":-68.845,"epsilon_zeta":-89.271,"bb_type":"BI","chi":-164.988,"glyco_bond":"anti","C5prime_xyz":[-1.401,8.792,0.744],"P_xyz":[1.166,8.296,0.838],"form":"A","ssZp":4.436,"Dp":4.523,"splay_angle":21.749,"splay_distance":3.546,"splay_ratio":0.194,"eta":-55.049,"theta":-135.764,"eta_prime":-60.948,"theta_prime":-142.402,"eta_base":-140.229,"theta_base":-134.744,"v0":-1.142,"v1":-22.554,"v2":36.317,"v3":-37.938,"v4":24.648,"amplitude":38.703,"phase_angle":20.222,"puckering":"C3'-endo","sugar_class":"~C3'-endo","bin":"23p","cluster":"6d","suiteness":0.010,"filter_rmsd":0.015,"frame":{"rmsd":0.015,"origin":[19.223,24.611,8.266],"x_axis":[0.704,0.680,-0.206],"y_axis":[-0.581,0.384,-0.717],"z_axis":[-0.408,0.625,0.666],"quaternion":[0.830,-0.404,-0.061,0.380]}},{"index":46,"index_chain":18,"chain_name":"E","nt_resnum":18,"nt_name":"G","nt_code":"G","nt_id":"E.G18","nt_type":"RNA","dbn":".","summary":"anti,~C3'-endo,BI,non-canonical,non-pair-contact,helix,multiplet,ss-non-loop,G-tetrad","alpha":-75.283,"beta":-169.604,"gamma":54.440,"delta":80.990,"epsilon":-130.360,"zeta":-58.974,"epsilon_zeta":-71.386,"bb_type":"BI","chi":-152.309,"glyco_bond":"anti","C5prime_xyz":[-1.279,8.877,0.046],"P_xyz":[1.262,9.471,0.304],"form":".","ssZp":4.077,"Dp":4.697,"splay_angle":75.361,"splay_distance":11.491,"splay_ratio":0.611,"eta":174.176,"theta":-132.607,"eta_prime":-179.913,"theta_prime":-118.016,"eta_base":-157.348,"theta_base":-97.531,"v0":1.689,"v1":-24.407,"v2":36.489,"v3":-36.474,"v4":21.996,"amplitude":37.975,"phase_angle":16.081,"puckering":"C3'-endo","sugar_class":"~C3'-endo","bin":"33p","cluster":"1a","suiteness":0.791,"filter_rmsd":0.013,"frame":{"rmsd":0.013,"origin":[19.309,25.718,11.634],"x_axis":[0.382,0.707,-0.595],"y_axis":[-0.892,0.115,-0.437],"z_axis":[-0.240,0.698,0.675],"quaternion":[0.737,-0.385,0.120,0.542]}},{"index":47,"index_chain":19,"chain_name":"E","nt_resnum":19,"nt_name":"A","nt_code":"A","nt_id":"E.A19","nt_type":"RNA","dbn":".","summary":"anti,~C2'-endo,BII,non-pair-contact,ss-non-loop","alpha":-67.580,"beta":-112.475,"gamma":62.009,"delta":144.960,"epsilon":-111.886,"zeta":163.909,"epsilon_zeta":84.205,"bb_type":"BII","chi":-108.619,"glyco_bond":"anti","C5prime_xyz":[-1.984,8.320,-1.768],"P_xyz":[-0.069,9.341,-0.313],"form":".","ssZp":1.034,"Dp":1.216,"splay_angle":39.559,"splay_distance":6.671,"splay_ratio":0.342,"eta":-125.553,"theta":147.968,"eta_prime":-111.790,"theta_prime":135.110,"eta_base":-112.885,"theta_base":144.598,"v0":-21.637,"v1":35.816,"v2":-35.717,"v3":24.067,"v4":-1.793,"amplitude":37.163,"phase_angle":163.965,"puckering":"C2'-endo","sugar_class":"~C2'-endo","bin":"32p","cluster":"1[","suiteness":0.615,"filter_rmsd":0.041,"frame":{"rmsd":0.009,"origin":[14.619,36.030,13.560],"x_axis":[0.142,0.108,-0.984],"y_axis":[-0.507,-0.846,-0.166],"z_axis":[-0.850,0.523,-0.065],"quaternion":[-0.240,0.716,-0.139,-0.640]}},{"index":48,"index_chain":20,"chain_name":"E","nt_resnum":20,"nt_name":"U","nt_code":"U","nt_id":"E.U20","nt_type":"RNA","dbn":".","summary":"turn,anti,~C2'-endo,non-stack,non-pair-contact,ss-non-loop","alpha":-111.258,"beta":82.083,"gamma":151.469,"delta":149.150,"epsilon":-104.952,"zeta":110.805,"epsilon_zeta":144.244,"bb_type":"--","chi":-110.763,"glyco_bond":"anti","C5prime_xyz":[-2.569,8.406,-1.614],"P_xyz":[-2.485,7.860,-4.198],"form":".","ssZp":1.086,"Dp":1.079,"splay_angle":55.094,"splay_distance":9.236,"splay_ratio":0.463,"eta":-72.447,"theta":30.740,"eta_prime":-119.579,"theta_prime":67.643,"eta_base":-131.816,"theta_base":86.705,"v0":-25.611,"v1":40.553,"v2":-38.842,"v3":25.171,"v4":0.138,"amplitude":41.077,"phase_angle":161.013,"puckering":"C2'-endo","sugar_class":"~C2'-endo","bin":"22t","cluster":"4s","suiteness":0.071,"filter_rmsd":0.103,"frame":{"rmsd":0.008,"origin":[15.479,34.441,19.982],"x_axis":[-0.445,0.808,0.386],"y_axis":[-0.777,-0.563,0.283],"z_axis":[0.446,-0.173,0.878],"quaternion":[0.466,0.245,0.032,0.849]}},{"index":49,"index_chain":21,"chain_name":"E","nt_resnum":21,"nt_name":"G","nt_code":"G","nt_id":"E.G21","nt_type":"RNA","dbn":".","summary":"anti,~C2'-endo,non-canonical,non-pair-contact,helix-end,multiplet,ss-non-loop,G-tetrad","alpha":-37.670,"beta":172.278,"gamma":30.996,"delta":138.150,"epsilon":-63.153,"zeta":-143.635,"epsilon_zeta":80.482,"bb_type":"--","chi":-78.020,"glyco_bond":"anti","C5prime_xyz":[-3.703,7.384,-2.607],"P_xyz":[-2.191,9.041,-3.959],"form":".","ssZp":0.629,"Dp":0.528,"splay_angle":82.774,"splay_distance":12.382,"splay_ratio":0.662,"eta":-106.605,"theta":-86.564,"eta_prime":-112.979,"theta_prime":-147.119,"eta_base":-135.732,"theta_base":179.520,"v0":-30.991,"v1":41.271,"v2":-35.022,"v3":18.081,"v4":7.850,"amplitude":40.408,"phase_angle":150.080,"puckering":"C2'-endo","sugar_class":"~C2'-endo","bin":"22p","cluster":"!!","suiteness":0.000,"filter_rmsd":0.012,"frame":{"rmsd":0.012,"origin":[17.828,29.062,12.851],"x_axis":[0.949,-0.012,0.314],"y_axis":[-0.217,-0.748,0.628],"z_axis":[0.227,-0.664,-0.713],"quaternion":[0.350,0.923,-0.062,0.146]}},{"index":50,"index_chain":22,"chain_name":"E","nt_resnum":22,"nt_name":"A","nt_code":"A","nt_id":"E.A22","nt_type":"RNA","dbn":".","summary":"turn,anti,~C2'-endo,non-stack,non-pair-contact,ss-non-loop,phosphate","alpha":75.755,"beta":-141.142,"gamma":72.859,"delta":147.217,"epsilon":-89.561,"zeta":-76.297,"epsilon_zeta":-13.264,"bb_type":"--","chi":-140.698,"glyco_bond":"anti","C5prime_xyz":[-1.393,8.621,-0.097],"P_xyz":[0.578,8.728,1.604],"form":".","ssZp":0.757,"Dp":0.903,"splay_angle":77.174,"splay_distance":13.288,"splay_ratio":0.625,"eta":7.574,"theta":-44.484,"eta_prime":73.219,"theta_prime":-97.421,"eta_base":96.883,"theta_base":-96.446,"v0":-18.614,"v1":32.446,"v2":-33.071,"v3":23.228,"v4":-3.069,"amplitude":34.036,"phase_angle":166.326,"puckering":"C2'-endo","sugar_class":"~C2'-endo","bin":"22p","cluster":"4p","suiteness":0.156,"filter_rmsd":0.037,"frame":{"rmsd":0.015,"origin":[9.616,22.339,6.474],"x_axis":[-0.632,0.772,0.073],"y_axis":[0.003,-0.092,0.996],"z_axis":[0.775,0.629,0.055],"quaternion":[0.288,0.318,0.609,0.667]}},{"index":51,"index_chain":23,"chain_name":"E","nt_resnum":23,"nt_name":"G","nt_code":"G","nt_id":"E.G23","nt_type":"RNA","dbn":".","summary":"anti,~C3'-endo,BI,non-canonical,non-pair-contact,helix,multiplet,ss-non-loop,G-tetrad","alpha":-62.136,"beta":-144.741,"gamma":-70.694,"delta":89.314,"epsilon":-159.480,"zeta":-69.928,"epsilon_zeta":-89.551,"bb_type":"BI","chi":-165.268,"glyco_bond":"anti","C5prime_xyz":[-0.989,8.502,0.923],"P_xyz":[-0.460,10.952,1.627],"form":"A","ssZp":4.403,"Dp":4.514,"splay_angle":21.827,"splay_distance":3.383,"splay_ratio":0.190,"eta":68.562,"theta":166.958,"eta_prime":108.008,"theta_prime":-178.361,"eta_base":137.393,"theta_base":-146.624,"v0":7.970,"v1":-26.704,"v2":34.172,"v3":-30.613,"v4":14.315,"amplitude":34.334,"phase_angle":5.568,"puckering":"C3'-endo","sugar_class":"~C3'-endo","bin":"23m","cluster":"!!","suiteness":0.000,"filter_rmsd":0.024,"frame":{"rmsd":0.024,"origin":[22.227,23.662,10.447],"x_axis":[-0.584,0.427,-0.690],"y_axis":[-0.740,-0.630,0.236],"z_axis":[-0.334,0.649,0.684],"quaternion":[0.343,-0.301,0.260,0.851]}},{"index":52,"index_chain":24,"chain_name":"E","nt_resnum":24,"nt_name":"G","nt_code":"G","nt_id":"E.G24","nt_type":"RNA","dbn":".","summary":"anti,~C3'-endo,non-canonical,non-pair-contact,helix,multiplet,ss-non-loop,G-tetrad,phosphate,splayed-apart","alpha":-88.824,"beta":179.856,"gamma":68.278,"delta":78.573,"epsilon":-109.125,"zeta":-131.667,"epsilon_zeta":22.542,"bb_type":"--","chi":-162.487,"glyco_bond":"anti","C5prime_xyz":[-1.114,8.678,0.626],"P_xyz":[1.504,8.908,0.441],"form":".","ssZp":4.284,"Dp":4.835,"splay_angle":101.012,"splay_distance":13.764,"splay_ratio":0.772,"eta":171.953,"theta":-143.560,"eta_prime":179.564,"theta_prime":-140.341,"eta_base":-153.318,"theta_base":-104.208,"v0":5.272,"v1":-27.284,"v2":38.007,"v3":-35.956,"v4":19.419,"amplitude":38.723,"phase_angle":11.038,"puckering":"C3'-endo","sugar_class":"~C3'-endo","bin":"33p","cluster":"1a","suiteness":0.350,"filter_rmsd":0.008,"frame":{"rmsd":0.008,"origin":[22.671,26.440,12.324],"x_axis":[-0.895,0.116,-0.431],"y_axis":[-0.385,-0.689,0.614],"z_axis":[-0.226,0.716,0.661],"quaternion":[0.139,-0.182,0.369,0.901]}},{"index":53,"index_chain":25,"chain_name":"E","nt_resnum":25,"nt_name":"C","nt_code":"C","nt_id":"E.C25","nt_type":"RNA","dbn":".","summary":"turn,anti,~C2'-endo,non-stack,non-pair-contact,ss-non-loop,phosphate,splayed-apart","alpha":42.996,"beta":155.129,"gamma":68.790,"delta":141.044,"epsilon":-127.968,"zeta":121.227,"epsilon_zeta":110.805,"bb_type":"--","chi":-105.022,"glyco_bond":"anti","C5prime_xyz":[-2.001,8.191,-1.998],"P_xyz":[0.533,8.321,-2.460],"form":".","ssZp":1.161,"Dp":1.548,"splay_angle":61.002,"splay_distance":10.360,"splay_ratio":0.508,"eta":-81.920,"theta":89.957,"eta_prime":-62.871,"theta_prime":49.766,"eta_base":-93.342,"theta_base":54.812,"v0":-20.865,"v1":33.333,"v2":-32.570,"v3":21.437,"v4":-0.540,"amplitude":34.211,"phase_angle":162.180,"puckering":"C2'-endo","sugar_class":"~C2'-endo","bin":"32p","cluster":"7p","suiteness":0.099,"filter_rmsd":0.062,"frame":{"rmsd":0.006,"origin":[15.002,30.285,23.088],"x_axis":[-0.701,-0.708,0.085],"y_axis":[0.711,-0.703,0.015],"z_axis":[0.049,0.071,0.996],"quaternion":[-0.385,0.036,0.023,0.922]}},{"index":54,"index_chain":26,"chain_name":"E","nt_resnum":26,"nt_name":"G","nt_code":"G","nt_id":"E.G26","nt_type":"RNA","dbn":".","summary":"anti,~C2'-endo,BI,non-canonical,non-pair-contact,helix-end,multiplet,ss-non-loop,G-tetrad,cap-acceptor,splayed-apart","alpha":-27.309,"beta":-59.937,"gamma":-94.801,"delta":146.238,"epsilon":-145.111,"zeta":-103.032,"epsilon_zeta":-42.079,"bb_type":"BI","chi":-78.574,"glyco_bond":"anti","C5prime_xyz":[-3.113,7.328,-2.797],"P_xyz":[-5.464,7.469,-4.073],"form":".","ssZp":1.579,"Dp":1.836,"splay_angle":114.671,"splay_distance":17.025,"splay_ratio":0.842,"eta":-118.242,"theta":-144.320,"eta_prime":-135.059,"theta_prime":-172.586,"eta_base":-147.106,"theta_base":162.648,"v0":-24.066,"v1":37.117,"v2":-35.235,"v3":22.291,"v4":0.886,"amplitude":37.531,"phase_angle":159.857,"puckering":"C2'-endo","sugar_class":"~C2'-endo","bin":"trig","cluster":"!!","suiteness":0.000,"filter_rmsd":0.006,"frame":{"rmsd":0.006,"origin":[20.737,28.034,14.759],"x_axis":[0.267,0.637,-0.723],"y_axis":[0.922,0.050,0.384],"z_axis":[0.281,-0.769,-0.574],"quaternion":[0.431,0.669,0.582,-0.165]}},{"index":55,"index_chain":27,"chain_name":"E","nt_resnum":27,"nt_name":"A","nt_code":"A","nt_id":"E.A27","nt_type":"RNA","dbn":".","summary":"syn,~C3'-endo,non-stack,non-pair-contact,ss-non-loop,splayed-apart","alpha":-150.436,"beta":-63.471,"gamma":-102.759,"delta":83.290,"epsilon":null,"zeta":null,"epsilon_zeta":null,"bb_type":"--","chi":87.493,"glyco_bond":"syn","C5prime_xyz":[-4.579,5.342,2.883],"P_xyz":[-5.552,7.672,3.599],"form":"-","ssZp":null,"Dp":null,"splay_angle":null,"splay_distance":null,"splay_ratio":null,"eta":null,"theta":null,"eta_prime":null,"theta_prime":null,"eta_base":null,"theta_base":null,"v0":-7.332,"v1":-13.651,"v2":28.033,"v3":-33.096,"v4":25.486,"amplitude":32.775,"phase_angle":31.206,"puckering":"C3'-endo","sugar_class":"~C3'-endo","bin":"trig","cluster":"!!","suiteness":0.000,"filter_rmsd":0.044,"frame":{"rmsd":0.017,"origin":[31.304,15.031,17.775],"x_axis":[-0.010,-0.819,0.574],"y_axis":[-0.006,0.574,0.819],"z_axis":[-1.000,0.005,-0.010],"quaternion":[0.623,0.326,-0.631,-0.326]}}],"num_hbonds":105,"hbonds":[{"index":1,"atom1_serNum":4,"atom2_serNum":969,"donAcc_type":"questionable","distance":3.353,"atom1_id":"O4'@B.A1","atom2_id":"O4'@E.G17","atom_pair":"O:O","residue_pair":"nt:nt"},{"index":2,"atom1_serNum":15,"atom2_serNum":735,"donAcc_type":"standard","distance":2.899,"atom1_id":"N6@B.A1","atom2_id":"O6@E.G6","atom_pair":"N:O","residue_pair":"nt:nt"},{"index":3,"atom1_serNum":16,"atom2_serNum":736,"donAcc_type":"standard","distance":2.895,"atom1_id":"N1@B.A1","atom2_id":"N1@E.G6","atom_pair":"N:N","residue_pair":"nt:nt"},{"index":4,"atom1_serNum":34,"atom2_serNum":738,"donAcc_type":"standard","distance":3.165,"atom1_id":"O2@B.U2","atom2_id":"N2@E.G6","atom_pair":"O:N","residue_pair":"nt:nt"},{"index":5,"atom1_serNum":35,"atom2_serNum":714,"donAcc_type":"standard","distance":2.770,"atom1_id":"N3@B.U2","atom2_id":"N1@E.A5","atom_pair":"N:N","residue_pair":"nt:nt"},{"index":6,"atom1_serNum":37,"atom2_serNum":713,"donAcc_type":"standard","distance":2.987,"atom1_id":"O4@B.U2","atom2_id":"N6@E.A5","atom_pair":"O:N","residue_pair":"nt:nt"},{"index":7,"atom1_serNum":54,"atom2_serNum":693,"donAcc_type":"standard","distance":2.657,"atom1_id":"O2@B.C3","atom2_id":"N2@E.G4","atom_pair":"O:N","residue_pair":"nt:nt"},{"index":8,"atom1_serNum":55,"atom2_serNum":691,"donAcc_type":"standard","distance":2.728,"atom1_id":"N3@B.C3","atom2_id":"N1@E.G4","atom_pair":"N:N","residue_pair":"nt:nt"},{"index":9,"atom1_serNum":57,"atom2_serNum":690,"donAcc_type":"standard","distance":2.846,"atom1_id":"N4@B.C3","atom2_id":"O6@E.G4","atom_pair":"N:O","residue_pair":"nt:nt"},{"index":10,"atom1_serNum":77,"atom2_serNum":670,"donAcc_type":"standard","distance":2.645,"atom1_id":"O6@B.G4","atom2_id":"N4@E.C3","atom_pair":"O:N","residue_pair":"nt:nt"},{"index":11,"atom1_serNum":78,"atom2_serNum":668,"donAcc_type":"standard","distance":2.742,"atom1_id":"N1@B.G4","atom2_id":"N3@E.C3","atom_pair":"N:N","residue_pair":"nt:nt"},{"index":12,"atom1_serNum":80,"atom2_serNum":667,"donAcc_type":"standard","distance":2.973,"atom1_id":"N2@B.G4","atom2_id":"O2@E.C3","atom_pair":"N:O","residue_pair":"nt:nt"},{"index":13,"atom1_serNum":100,"atom2_serNum":650,"donAcc_type":"standard","distance":2.848,"atom1_id":"N6@B.A5","atom2_id":"O4@E.U2","atom_pair":"N:O","residue_pair":"nt:nt"},{"index":14,"atom1_serNum":101,"atom2_serNum":648,"donAcc_type":"standard","distance":2.729,"atom1_id":"N1@B.A5","atom2_id":"N3@E.U2","atom_pair":"N:N","residue_pair":"nt:nt"},{"index":15,"atom1_serNum":115,"atom2_serNum":503,"donAcc_type":"acceptable","distance":2.410,"atom1_id":"O2'@B.G6","atom2_id":"N2@B.G23","atom_pair":"O:N","residue_pair":"nt:nt"},{"index":16,"atom1_serNum":122,"atom2_serNum":628,"donAcc_type":"standard","distance":2.740,"atom1_id":"O6@B.G6","atom2_id":"N6@E.A1","atom_pair":"O:N","residue_pair":"nt:nt"},{"index":17,"atom1_serNum":123,"atom2_serNum":629,"donAcc_type":"standard","distance":2.865,"atom1_id":"N1@B.G6","atom2_id":"N1@E.A1","atom_pair":"N:N","residue_pair":"nt:nt"},{"index":18,"atom1_serNum":130,"atom2_serNum":596,"donAcc_type":"questionable","distance":2.705,"atom1_id":"OP2@B.G7","atom2_id":"OP2@B.U28","atom_pair":"O:O","residue_pair":"nt:nt"},{"index":19,"atom1_serNum":138,"atom2_serNum":236,"donAcc_type":"acceptable","distance":2.925,"atom1_id":"O2'@B.G7","atom2_id":"O4@B.U11","atom_pair":"O:O","residue_pair":"nt:nt"},{"index":20,"atom1_serNum":142,"atom2_serNum":503,"donAcc_type":"standard","distance":2.731,"atom1_id":"N7@B.G7","atom2_id":"N2@B.G23","atom_pair":"N:N","residue_pair":"nt:nt"},{"index":21,"atom1_serNum":145,"atom2_serNum":501,"donAcc_type":"standard","distance":2.651,"atom1_id":"O6@B.G7","atom2_id":"N1@B.G23","atom_pair":"O:N","residue_pair":"nt:nt"},{"index":22,"atom1_serNum":146,"atom2_serNum":256,"donAcc_type":"standard","distance":2.777,"atom1_id":"N1@B.G7","atom2_id":"O6@B.G12","atom_pair":"N:O","residue_pair":"nt:nt"},{"index":23,"atom1_serNum":148,"atom2_serNum":253,"donAcc_type":"standard","distance":3.050,"atom1_id":"N2@B.G7","atom2_id":"N7@B.G12","atom_pair":"N:N","residue_pair":"nt:nt"},{"index":24,"atom1_serNum":165,"atom2_serNum":526,"donAcc_type":"standard","distance":2.696,"atom1_id":"N7@B.G8","atom2_id":"N2@B.G24","atom_pair":"N:N","residue_pair":"nt:nt"},{"index":25,"atom1_serNum":168,"atom2_serNum":524,"donAcc_type":"standard","distance":2.771,"atom1_id":"O6@B.G8","atom2_id":"N1@B.G24","atom_pair":"O:N","residue_pair":"nt:nt"},{"index":26,"atom1_serNum":169,"atom2_serNum":279,"donAcc_type":"standard","distance":2.916,"atom1_id":"N1@B.G8","atom2_id":"O6@B.G13","atom_pair":"N:O","residue_pair":"nt:nt"},{"index":27,"atom1_serNum":171,"atom2_serNum":276,"donAcc_type":"standard","distance":2.737,"atom1_id":"N2@B.G8","atom2_id":"N7@B.G13","atom_pair":"N:N","residue_pair":"nt:nt"},{"index":28,"atom1_serNum":176,"atom2_serNum":216,"donAcc_type":"standard","distance":3.125,"atom1_id":"OP2@B.A9","atom2_id":"N2@B.G10","atom_pair":"O:N","residue_pair":"nt:nt"},{"index":29,"atom1_serNum":206,"atom2_serNum":264,"donAcc_type":"acceptable","distance":2.735,"atom1_id":"O2'@B.G10","atom2_id":"OP2@B.G13","atom_pair":"O:O","residue_pair":"nt:nt"},{"index":30,"atom1_serNum":210,"atom2_serNum":325,"donAcc_type":"standard","distance":2.899,"atom1_id":"N7@B.G10","atom2_id":"N2@B.G15","atom_pair":"N:N","residue_pair":"nt:nt"},{"index":31,"atom1_serNum":213,"atom2_serNum":323,"donAcc_type":"standard","distance":3.356,"atom1_id":"O6@B.G10","atom2_id":"N1@B.G15","atom_pair":"O:N","residue_pair":"nt:nt"},{"index":32,"atom1_serNum":214,"atom2_serNum":563,"donAcc_type":"standard","distance":3.282,"atom1_id":"N1@B.G10","atom2_id":"N7@B.G26","atom_pair":"N:N","residue_pair":"nt:nt"},{"index":33,"atom1_serNum":214,"atom2_serNum":566,"donAcc_type":"standard","distance":2.999,"atom1_id":"N1@B.G10","atom2_id":"O6@B.G26","atom_pair":"N:O","residue_pair":"nt:nt"},{"index":34,"atom1_serNum":216,"atom2_serNum":563,"donAcc_type":"standard","distance":2.899,"atom1_id":"N2@B.G10","atom2_id":"N7@B.G26","atom_pair":"N:N","residue_pair":"nt:nt"},{"index":35,"atom1_serNum":257,"atom2_serNum":367,"donAcc_type":"standard","distance":2.606,"atom1_id":"N1@B.G12","atom2_id":"O6@B.G17","atom_pair":"N:O","residue_pair":"nt:nt"},{"index":36,"atom1_serNum":259,"atom2_serNum":364,"donAcc_type":"standard","distance":2.690,"atom1_id":"N2@B.G12","atom2_id":"N7@B.G17","atom_pair":"N:N","residue_pair":"nt:nt"},{"index":37,"atom1_serNum":265,"atom2_serNum":287,"donAcc_type":"questionable","distance":3.160,"atom1_id":"O5'@B.G13","atom2_id":"OP2@B.U14","atom_pair":"O:O","residue_pair":"nt:nt"},{"index":38,"atom1_serNum":272,"atom2_serNum":313,"donAcc_type":"acceptable","distance":3.294,"atom1_id":"O2'@B.G13","atom2_id":"O3'@B.G15","atom_pair":"O:O","residue_pair":"nt:nt"},{"index":39,"atom1_serNum":280,"atom2_serNum":390,"donAcc_type":"standard","distance":2.925,"atom1_id":"N1@B.G13","atom2_id":"O6@B.G18","atom_pair":"N:O","residue_pair":"nt:nt"},{"index":40,"atom1_serNum":282,"atom2_serNum":387,"donAcc_type":"standard","distance":2.907,"atom1_id":"N2@B.G13","atom2_id":"N7@B.G18","atom_pair":"N:N","residue_pair":"nt:nt"},{"index":41,"atom1_serNum":287,"atom2_serNum":325,"donAcc_type":"standard","distance":3.701,"atom1_id":"OP2@B.U14","atom2_id":"N2@B.G15","atom_pair":"O:N","residue_pair":"nt:nt"},{"index":42,"atom1_serNum":295,"atom2_serNum":306,"donAcc_type":"acceptable","distance":3.354,"atom1_id":"O2'@B.U14","atom2_id":"OP1@B.G15","atom_pair":"O:O","residue_pair":"nt:nt"},{"index":43,"atom1_serNum":311,"atom2_serNum":413,"donAcc_type":"standard","distance":3.640,"atom1_id":"O4'@B.G15","atom2_id":"N6@B.A19","atom_pair":"O:N","residue_pair":"nt:nt"},{"index":44,"atom1_serNum":319,"atom2_serNum":458,"donAcc_type":"standard","distance":3.135,"atom1_id":"N7@B.G15","atom2_id":"N2@B.G21","atom_pair":"N:N","residue_pair":"nt:nt"},{"index":45,"atom1_serNum":322,"atom2_serNum":456,"donAcc_type":"standard","distance":2.972,"atom1_id":"O6@B.G15","atom2_id":"N1@B.G21","atom_pair":"O:N","residue_pair":"nt:nt"},{"index":46,"atom1_serNum":368,"atom2_serNum":500,"donAcc_type":"standard","distance":2.571,"atom1_id":"N1@B.G17","atom2_id":"O6@B.G23","atom_pair":"N:O","residue_pair":"nt:nt"},{"index":47,"atom1_serNum":370,"atom2_serNum":497,"donAcc_type":"standard","distance":2.688,"atom1_id":"N2@B.G17","atom2_id":"N7@B.G23","atom_pair":"N:N","residue_pair":"nt:nt"},{"index":48,"atom1_serNum":376,"atom2_serNum":398,"donAcc_type":"questionable","distance":3.089,"atom1_id":"O5'@B.G18","atom2_id":"OP2@B.A19","atom_pair":"O:O","residue_pair":"nt:nt"},{"index":49,"atom1_serNum":383,"atom2_serNum":462,"donAcc_type":"acceptable","distance":2.725,"atom1_id":"O2'@B.G18","atom2_id":"OP1@B.A22","atom_pair":"O:O","residue_pair":"nt:nt"},{"index":50,"atom1_serNum":391,"atom2_serNum":523,"donAcc_type":"standard","distance":3.124,"atom1_id":"N1@B.G18","atom2_id":"O6@B.G24","atom_pair":"N:O","residue_pair":"nt:nt"},{"index":51,"atom1_serNum":393,"atom2_serNum":520,"donAcc_type":"standard","distance":2.987,"atom1_id":"N2@B.G18","atom2_id":"N7@B.G24","atom_pair":"N:N","residue_pair":"nt:nt"},{"index":52,"atom1_serNum":399,"atom2_serNum":458,"donAcc_type":"standard","distance":3.664,"atom1_id":"O5'@B.A19","atom2_id":"N2@B.G21","atom_pair":"O:N","residue_pair":"nt:nt"},{"index":53,"atom1_serNum":428,"atom2_serNum":546,"donAcc_type":"acceptable","distance":3.228,"atom1_id":"O2'@B.U20","atom2_id":"N4@B.C25","atom_pair":"O:N","residue_pair":"nt:nt"},{"index":54,"atom1_serNum":448,"atom2_serNum":508,"donAcc_type":"acceptable","distance":2.788,"atom1_id":"O2'@B.G21","atom2_id":"OP2@B.G24","atom_pair":"O:O","residue_pair":"nt:nt"},{"index":55,"atom1_serNum":452,"atom2_serNum":569,"donAcc_type":"standard","distance":2.784,"atom1_id":"N7@B.G21","atom2_id":"N2@B.G26","atom_pair":"N:N","residue_pair":"nt:nt"},{"index":56,"atom1_serNum":455,"atom2_serNum":567,"donAcc_type":"standard","distance":2.784,"atom1_id":"O6@B.G21","atom2_id":"N1@B.G26","atom_pair":"O:N","residue_pair":"nt:nt"},{"index":57,"atom1_serNum":531,"atom2_serNum":569,"donAcc_type":"standard","distance":3.067,"atom1_id":"OP2@B.C25","atom2_id":"N2@B.G26","atom_pair":"O:N","residue_pair":"nt:nt"},{"index":58,"atom1_serNum":559,"atom2_serNum":574,"donAcc_type":"acceptable","distance":2.894,"atom1_id":"O2'@B.G26","atom2_id":"OP2@B.A27","atom_pair":"O:O","residue_pair":"nt:nt"},{"index":59,"atom1_serNum":582,"atom2_serNum":592,"donAcc_type":"acceptable","distance":3.188,"atom1_id":"O2'@B.A27","atom2_id":"N3@B.A27","atom_pair":"O:N","residue_pair":"nt:nt"},{"index":60,"atom1_serNum":582,"atom2_serNum":600,"donAcc_type":"acceptable","distance":3.298,"atom1_id":"O2'@B.A27","atom2_id":"O4'@B.U28","atom_pair":"O:O","residue_pair":"nt:nt"},{"index":61,"atom1_serNum":621,"atom2_serNum":635,"donAcc_type":"acceptable","distance":2.602,"atom1_id":"O2'@E.A1","atom2_id":"OP2@E.U2","atom_pair":"O:O","residue_pair":"nt:nt"},{"index":62,"atom1_serNum":728,"atom2_serNum":743,"donAcc_type":"acceptable","distance":2.772,"atom1_id":"O2'@E.G6","atom2_id":"OP2@E.G7","atom_pair":"O:O","residue_pair":"nt:nt"},{"index":63,"atom1_serNum":728,"atom2_serNum":1116,"donAcc_type":"acceptable","distance":3.172,"atom1_id":"O2'@E.G6","atom2_id":"N2@E.G23","atom_pair":"O:N","residue_pair":"nt:nt"},{"index":64,"atom1_serNum":751,"atom2_serNum":770,"donAcc_type":"acceptable","distance":3.259,"atom1_id":"O2'@E.G7","atom2_id":"O4'@E.G8","atom_pair":"O:O","residue_pair":"nt:nt"},{"index":65,"atom1_serNum":755,"atom2_serNum":1116,"donAcc_type":"standard","distance":2.669,"atom1_id":"N7@E.G7","atom2_id":"N2@E.G23","atom_pair":"N:N","residue_pair":"nt:nt"},{"index":66,"atom1_serNum":758,"atom2_serNum":1114,"donAcc_type":"standard","distance":2.474,"atom1_id":"O6@E.G7","atom2_id":"N1@E.G23","atom_pair":"O:N","residue_pair":"nt:nt"},{"index":67,"atom1_serNum":758,"atom2_serNum":1116,"donAcc_type":"standard","distance":3.293,"atom1_id":"O6@E.G7","atom2_id":"N2@E.G23","atom_pair":"O:N","residue_pair":"nt:nt"},{"index":68,"atom1_serNum":759,"atom2_serNum":869,"donAcc_type":"standard","distance":2.901,"atom1_id":"N1@E.G7","atom2_id":"O6@E.G12","atom_pair":"N:O","residue_pair":"nt:nt"},{"index":69,"atom1_serNum":761,"atom2_serNum":866,"donAcc_type":"standard","distance":2.884,"atom1_id":"N2@E.G7","atom2_id":"N7@E.G12","atom_pair":"N:N","residue_pair":"nt:nt"},{"index":70,"atom1_serNum":774,"atom2_serNum":817,"donAcc_type":"acceptable","distance":3.609,"atom1_id":"O2'@E.G8","atom2_id":"O3'@E.G10","atom_pair":"O:O","residue_pair":"nt:nt"},{"index":71,"atom1_serNum":778,"atom2_serNum":1139,"donAcc_type":"standard","distance":2.745,"atom1_id":"N7@E.G8","atom2_id":"N2@E.G24","atom_pair":"N:N","residue_pair":"nt:nt"},{"index":72,"atom1_serNum":781,"atom2_serNum":1137,"donAcc_type":"standard","distance":2.671,"atom1_id":"O6@E.G8","atom2_id":"N1@E.G24","atom_pair":"O:N","residue_pair":"nt:nt"},{"index":73,"atom1_serNum":782,"atom2_serNum":892,"donAcc_type":"standard","distance":3.006,"atom1_id":"N1@E.G8","atom2_id":"O6@E.G13","atom_pair":"N:O","residue_pair":"nt:nt"},{"index":74,"atom1_serNum":784,"atom2_serNum":889,"donAcc_type":"standard","distance":2.815,"atom1_id":"N2@E.G8","atom2_id":"N7@E.G13","atom_pair":"N:N","residue_pair":"nt:nt"},{"index":75,"atom1_serNum":789,"atom2_serNum":829,"donAcc_type":"standard","distance":3.261,"atom1_id":"OP2@E.A9","atom2_id":"N2@E.G10","atom_pair":"O:N","residue_pair":"nt:nt"},{"index":76,"atom1_serNum":819,"atom2_serNum":877,"donAcc_type":"acceptable","distance":3.268,"atom1_id":"O2'@E.G10","atom2_id":"OP2@E.G13","atom_pair":"O:O","residue_pair":"nt:nt"},{"index":77,"atom1_serNum":823,"atom2_serNum":938,"donAcc_type":"standard","distance":2.665,"atom1_id":"N7@E.G10","atom2_id":"N2@E.G15","atom_pair":"N:N","residue_pair":"nt:nt"},{"index":78,"atom1_serNum":826,"atom2_serNum":936,"donAcc_type":"standard","distance":2.811,"atom1_id":"O6@E.G10","atom2_id":"N1@E.G15","atom_pair":"O:N","residue_pair":"nt:nt"},{"index":79,"atom1_serNum":827,"atom2_serNum":1179,"donAcc_type":"standard","distance":2.724,"atom1_id":"N1@E.G10","atom2_id":"O6@E.G26","atom_pair":"N:O","residue_pair":"nt:nt"},{"index":80,"atom1_serNum":829,"atom2_serNum":1176,"donAcc_type":"standard","distance":2.783,"atom1_id":"N2@E.G10","atom2_id":"N7@E.G26","atom_pair":"N:N","residue_pair":"nt:nt"},{"index":81,"atom1_serNum":862,"atom2_serNum":881,"donAcc_type":"acceptable","distance":3.268,"atom1_id":"O2'@E.G12","atom2_id":"O4'@E.G13","atom_pair":"O:O","residue_pair":"nt:nt"},{"index":82,"atom1_serNum":870,"atom2_serNum":980,"donAcc_type":"standard","distance":2.683,"atom1_id":"N1@E.G12","atom2_id":"O6@E.G17","atom_pair":"N:O","residue_pair":"nt:nt"},{"index":83,"atom1_serNum":872,"atom2_serNum":977,"donAcc_type":"standard","distance":2.930,"atom1_id":"N2@E.G12","atom2_id":"N7@E.G17","atom_pair":"N:N","residue_pair":"nt:nt"},{"index":84,"atom1_serNum":885,"atom2_serNum":928,"donAcc_type":"acceptable","distance":3.193,"atom1_id":"O2'@E.G13","atom2_id":"O2'@E.G15","atom_pair":"O:O","residue_pair":"nt:nt"},{"index":85,"atom1_serNum":893,"atom2_serNum":1003,"donAcc_type":"standard","distance":2.924,"atom1_id":"N1@E.G13","atom2_id":"O6@E.G18","atom_pair":"N:O","residue_pair":"nt:nt"},{"index":86,"atom1_serNum":895,"atom2_serNum":1000,"donAcc_type":"standard","distance":3.071,"atom1_id":"N2@E.G13","atom2_id":"N7@E.G18","atom_pair":"N:N","residue_pair":"nt:nt"},{"index":87,"atom1_serNum":900,"atom2_serNum":938,"donAcc_type":"standard","distance":2.947,"atom1_id":"OP2@E.U14","atom2_id":"N2@E.G15","atom_pair":"O:N","residue_pair":"nt:nt"},{"index":88,"atom1_serNum":924,"atom2_serNum":1026,"donAcc_type":"standard","distance":3.259,"atom1_id":"O4'@E.G15","atom2_id":"N6@E.A19","atom_pair":"O:N","residue_pair":"nt:nt"},{"index":89,"atom1_serNum":928,"atom2_serNum":944,"donAcc_type":"acceptable","distance":3.509,"atom1_id":"O2'@E.G15","atom2_id":"O5'@E.A16","atom_pair":"O:O","residue_pair":"nt:nt"},{"index":90,"atom1_serNum":928,"atom2_serNum":964,"donAcc_type":"acceptable","distance":3.639,"atom1_id":"O2'@E.G15","atom2_id":"OP1@E.G17","atom_pair":"O:O","residue_pair":"nt:nt"},{"index":91,"atom1_serNum":932,"atom2_serNum":1071,"donAcc_type":"standard","distance":2.851,"atom1_id":"N7@E.G15","atom2_id":"N2@E.G21","atom_pair":"N:N","residue_pair":"nt:nt"},{"index":92,"atom1_serNum":935,"atom2_serNum":1069,"donAcc_type":"standard","distance":2.720,"atom1_id":"O6@E.G15","atom2_id":"N1@E.G21","atom_pair":"O:N","residue_pair":"nt:nt"},{"index":93,"atom1_serNum":981,"atom2_serNum":1113,"donAcc_type":"standard","distance":2.851,"atom1_id":"N1@E.G17","atom2_id":"O6@E.G23","atom_pair":"N:O","residue_pair":"nt:nt"},{"index":94,"atom1_serNum":983,"atom2_serNum":1110,"donAcc_type":"standard","distance":2.835,"atom1_id":"N2@E.G17","atom2_id":"N7@E.G23","atom_pair":"N:N","residue_pair":"nt:nt"},{"index":95,"atom1_serNum":996,"atom2_serNum":1059,"donAcc_type":"acceptable","distance":3.007,"atom1_id":"O2'@E.G18","atom2_id":"O3'@E.G21","atom_pair":"O:O","residue_pair":"nt:nt"},{"index":96,"atom1_serNum":996,"atom2_serNum":1075,"donAcc_type":"acceptable","distance":2.991,"atom1_id":"O2'@E.G18","atom2_id":"OP1@E.A22","atom_pair":"O:O","residue_pair":"nt:nt"},{"index":97,"atom1_serNum":1004,"atom2_serNum":1136,"donAcc_type":"standard","distance":2.535,"atom1_id":"N1@E.G18","atom2_id":"O6@E.G24","atom_pair":"N:O","residue_pair":"nt:nt"},{"index":98,"atom1_serNum":1006,"atom2_serNum":1133,"donAcc_type":"standard","distance":2.554,"atom1_id":"N2@E.G18","atom2_id":"N7@E.G24","atom_pair":"N:N","residue_pair":"nt:nt"},{"index":99,"atom1_serNum":1012,"atom2_serNum":1071,"donAcc_type":"standard","distance":3.790,"atom1_id":"O5'@E.A19","atom2_id":"N2@E.G21","atom_pair":"O:N","residue_pair":"nt:nt"},{"index":100,"atom1_serNum":1041,"atom2_serNum":1159,"donAcc_type":"acceptable","distance":2.260,"atom1_id":"O2'@E.U20","atom2_id":"N4@E.C25","atom_pair":"O:N","residue_pair":"nt:nt"},{"index":101,"atom1_serNum":1061,"atom2_serNum":1121,"donAcc_type":"acceptable","distance":2.726,"atom1_id":"O2'@E.G21","atom2_id":"OP2@E.G24","atom_pair":"O:O","residue_pair":"nt:nt"},{"index":102,"atom1_serNum":1065,"atom2_serNum":1182,"donAcc_type":"standard","distance":2.648,"atom1_id":"N7@E.G21","atom2_id":"N2@E.G26","atom_pair":"N:N","residue_pair":"nt:nt"},{"index":103,"atom1_serNum":1068,"atom2_serNum":1180,"donAcc_type":"standard","distance":2.691,"atom1_id":"O6@E.G21","atom2_id":"N1@E.G26","atom_pair":"O:N","residue_pair":"nt:nt"},{"index":104,"atom1_serNum":1144,"atom2_serNum":1182,"donAcc_type":"standard","distance":3.309,"atom1_id":"OP2@E.C25","atom2_id":"N2@E.G26","atom_pair":"O:N","residue_pair":"nt:nt"},{"index":105,"atom1_serNum":1172,"atom2_serNum":1188,"donAcc_type":"acceptable","distance":2.995,"atom1_id":"O2'@E.G26","atom2_id":"O5'@E.A27","atom_pair":"O:O","residue_pair":"nt:nt"}],"refCoords":{"purine":["   12 ATOMS,    12 BONDS","    1 N      -2.2500   5.0000   0.2500","    2 N      -2.2500   0.5000   0.2500","    3 N      -2.2500   0.5000  -0.2500","    4 N      -2.2500   5.0000  -0.2500","    5 C       2.2500   5.0000   0.2500","    6 C       2.2500   0.5000   0.2500","    7 C       2.2500   0.5000  -0.2500","    8 C       2.2500   5.0000  -0.2500","    9 C      -2.2500   5.0000   0.2500","   10 C      -2.2500   0.5000   0.2500","   11 C      -2.2500   0.5000  -0.2500","   12 C      -2.2500   5.0000  -0.2500","    1     1     2","    2     2     3","    3     3     4","    4     4     1","    5     5     6","    6     6     7","    7     7     8","    8     5     8","    9     9     5","   10    10     6","   11    11     7","   12    12     8"],"pyrimidine":["   12 ATOMS,    12 BONDS","    1 N      -2.2500   5.0000   0.2500","    2 N      -2.2500   2.0000   0.2500","    3 N      -2.2500   2.0000  -0.2500","    4 N      -2.2500   5.0000  -0.2500","    5 C       2.2500   5.0000   0.2500","    6 C       2.2500   2.0000   0.2500","    7 C       2.2500   2.0000  -0.2500","    8 C       2.2500   5.0000  -0.2500","    9 C      -2.2500   5.0000   0.2500","   10 C      -2.2500   2.0000   0.2500","   11 C      -2.2500   2.0000  -0.2500","   12 C      -2.2500   5.0000  -0.2500","    1     1     2","    2     2     3","    3     3     4","    4     4     1","    5     5     6","    6     6     7","    7     7     8","    8     5     8","    9     9     5","   10    10     6","   11    11     7","   12    12     8"],"wc_pair":["   12 ATOMS,    12 BONDS","    1 N      -2.2500   5.0000   0.2500","    2 N      -2.2500  -5.0000   0.2500","    3 N      -2.2500  -5.0000  -0.2500","    4 N      -2.2500   5.0000  -0.2500","    5 C       2.2500   5.0000   0.2500","    6 C       2.2500  -5.0000   0.2500","    7 C       2.2500  -5.0000  -0.2500","    8 C       2.2500   5.0000  -0.2500","    9 C      -2.2500   5.0000   0.2500","   10 C      -2.2500  -5.0000   0.2500","   11 C      -2.2500  -5.0000  -0.2500","   12 C      -2.2500   5.0000  -0.2500","    1     1     2","    2     2     3","    3     3     4","    4     4     1","    5     5     6","    6     6     7","    7     7     8","    8     5     8","    9     9     5","   10    10     6","   11    11     7","   12    12     8"]},"metadata":{"version":"DSSR v2.3.2-2021jun29 by xiangjun@x3dna.org","manual":"http://docs.x3dna.org/dssr-manual.pdf","url":"http://x3dna.org","url_alt":"http://home.x3dna.org","forum":"http://forum.x3dna.org","citation":"Lu et al. (2015). 'DSSR: an integrated software tool for dissecting the spatial structure of RNA.' Nucleic Acids Res., 43(21):e142 [doi:10.1093/nar/gkv716].","command":"x3dna-dssr -i=/mnt/d/AIM_Project/Cancer_Immune/mRNA_design/RRI/data/pdb_3d_files/6v9d.cif --format=mmcif --json -o=/mnt/d/AIM_Project/Cancer_Immune/mRNA_design/RRI/data/dssr_output/6V9D/6V9D.json","input_file":"/mnt/d/AIM_Project/Cancer_Immune/mRNA_design/RRI/data/pdb_3d_files/6v9d.cif","str_id":"6v9d","num_naChains":2,"naChains":"B=28,E=27","num_atoms":1287,"num_waters":0,"num_metals":4,"metals_desc":"K=4","num_notes":52,"notes":[{"Aminors":"A-minor interactions (including types I and II)"},{"Cstem_index":"stem index of the 'Canonical' helix in k-turn"},{"Cstem_pair":"Cstem bp delineating the k-turn internal loop"},{"Dp":"perpendicular distance of the 3' P atom to the glycosidic bond"},{"GA_pair":"sheared G-A pair in k-turn"},{"HtypePknot":"H-type pseudoknot"},{"Kturn":"kink-turn (k-turn)"},{"LW":"Leontis-Westhof"},{"NCstem_index":"stem index of the 'Non-Canonical' helix in k-turn"},{"NCstem_pair":"NCstem bp delineating the k-turn internal loop"},{"Uturn":"U-turn of the UNR- or GNRA-type"},{"aa":"amino acid"},{"atom_pair":"symbols of the two atoms involved in an H-bond"},{"auxfiles":"auxiliary files"},{"glyco_bond":"conformation of base related to sugar (syn or anti)"},{"bb_type":"backbone conformation, BI or BII"},{"bending_angle":"angle between two helical axes"},{"bp":"base pair"},{"bseq":"base sequence in one-letter code"},{"bulge":"bulge loop"},{"coaxStacks":"coaxial stacking of stems within a helix"},{"dbn":"dot bracket notation"},{"desc":"description"},{"donAcc_type":"donor/acceptor type of the atom pair in an H-bond"},{"epsilon_zeta":"difference between epsilon and zeta torsion angles"},{"hairpin":"hairpin loop"},{"hbond":"hydrogen bond (H-bond)"},{"helix":"defined by base-stacking interactions, regardless of bp type and backbone connectivity"},{"id":"identifier"},{"iloop":"internal loop"},{"index":"serial number"},{"isoCanonPairs":"isolated canonical pairs"},{"junction":"(multi-branched) junction loop"},{"kissingLoop":"kissing loop"},{"multiplet":"3+ bases in a coplanar geometry"},{"na":"nucleic acid"},{"nonPair":"two nts not forming a pair, but with H-bonding/stacking interactions"},{"nonStack":"nucleotide not involved in stacking interactions"},{"nt":"nucleotide"},{"num":"number"},{"oArea":"overlap areas between two bases, including exocyclic atoms"},{"oArea_ring":"overlap areas between two bases, including only ring atoms"},{"phosContacts":"H-bonding and atom-capping interactions involving a phosphate"},{"residue_pair":"types of the two residues involved in an H-bond"},{"rmsd":"root-mean-squares deviation"},{"serNum":"serial number"},{"ssSegments":"single-stranded segments not involved in loops"},{"ssZp":"Z-coordinate of the 3' phosphorus atom with reference to the 5' base plane"},{"sstr":"secondary structure in dbn"},{"stem":"helix consisting of only canonical pairs, with a continuous backbone"},{"str_id":"structure identifier, derived from inpfile with extension removed"},{"vert_dist":"vertical distance from an atom to a base plane"}],"num_auxfiles":11,"auxfiles":[{"index":1,"name":"dssr-pairs.pdb","desc":"an ensemble of base pairs"},{"index":2,"name":"dssr-multiplets.pdb","desc":"an ensemble of multiplets"},{"index":3,"name":"dssr-stems.pdb","desc":"an ensemble of stems"},{"index":4,"name":"dssr-helices.pdb","desc":"an ensemble of helices (coaxial stacking)"},{"index":5,"name":"dssr-2ndstrs.bpseq","desc":"secondary structure in bpseq format"},{"index":6,"name":"dssr-2ndstrs.ct","desc":"secondary structure in connectivity table format"},{"index":7,"name":"dssr-2ndstrs.dbn","desc":"secondary structure in dot-bracket notation"},{"index":8,"name":"dssr-torsions.txt","desc":"backbone torsion angles and suite names"},{"index":9,"name":"dssr-splays.pdb","desc":"an ensemble of splayed-apart units"},{"index":10,"name":"dssr-stacks.pdb","desc":"an ensemble of base stacks"},{"index":11,"name":"dssr-atom2bases.pdb","desc":"an ensemble of atom-base stacking interactions"}],"start_at":"Sun Mar  2 01:49:50 2025","finish_at":"Sun Mar  2 01:49:51 2025","time_used":"00:00:00:00"}}