rri_chain,pdb_chain,SPOT-RNA,RNAfoldc,SPOT-RNAc,RNAcoFold,RNAmultifold,PairFold,MXfold2c,UFoldc,SPOT-RNA2c,PETcoFold,SPOT-RNA2,EternaFoldc
2IL9_AM,2IL9_A,0.537,0.489,0.406,0.377,0.377,0.292,0.317,0.247,0.529,0,0.514,0.325
2IL9_AM,2IL9_M,0.6,0.488,0.414,0.375,0.375,0.286,0.333,0.427,0.513,0,0.588,0.537
2L1F_AB,2L1F_A,0.611,0.667,0.529,0.667,0.667,0.438,0.667,0.667,0.65,0.957,0.92,0.8
2L1F_AB,2L1F_B,0.615,0.667,0.579,0.667,0.667,0.471,0.667,0.579,0.667,0.894,0.906,0.744
7KGA_AB,7KGA_A,0.769,0.677,0.27,0.615,0.615,0,0.593,0.702,0.702,0,0.767,0
7KGA_AB,7KGA_B,0,0,0,0,0,0,0,0,0,0,0,0
2ADT_AB,2ADT_A,0.895,0.919,0,0,0,0.919,0,1,0.519,0,0.919,0.919
2ADT_AB,2ADT_B,0.895,0.919,0,0,0,0.919,0,1,0.519,0,0.919,0.919
6V9D_BE,6V9D_B,0.111,0,0,0,0,0,0,0,0,0,0,0
6V9D_BE,6V9D_E,0.133,0,0,0,0,0,0,0,0,0,0,0
6ZDU_CD,6ZDU_C,0.108,0,0,0.444,0.444,0.444,0.353,0.483,0.312,0,0.6,0.78
6ZDU_CD,6ZDU_D,0.222,0,0,0.462,0.462,0.462,0.364,0.357,0.387,0,0.718,0.8
1DZ5_CD,1DZ5_C,0,0,0,0,0,0,0,0,0,0,0,0
1DZ5_CD,1DZ5_D,0,0,0,0,0,0,0,0,0,0,0,0
6JQ5_AB,6JQ5_A,0.588,0.706,0.591,0.72,0.72,0.72,0.706,0.714,0.704,0.368,0.633,0.667
6JQ5_AB,6JQ5_B,0.6,0.735,0.565,0.735,0.735,0.735,0.735,0.714,0.717,0.378,0.644,0.75
7JJU_AB,7JJU_A,0.323,0,0,0,0,0,0,0,0.174,0,0.706,0
7JJU_AB,7JJU_B,0.333,0,0,0,0,0,0,0,0.182,0,0.667,0
7JRR_AA-2,7JRR_A,0.182,0.667,0.571,0.667,0.667,0.667,0.667,0.5,0.714,0.848,0.857,0.667
7JRR_AA-2,7JRR_A-2,0.182,0.667,0.571,0.667,0.667,0.667,0.667,0.5,0.714,0.848,0.857,0.667
7JRS_AB,7JRS_A,0.779,0,0.107,0,0,0,0,0.344,0,0,0.926,0.462
7JRS_AB,7JRS_B,0.787,0,0.109,0,0,0,0,0.349,0,0,0.936,0.469
7JRT_AB,7JRT_A,0.653,0.795,0.761,0.795,0.795,0.56,0.571,0.317,0.782,0.528,0.909,0.579
7JRT_AB,7JRT_B,0.639,0.778,0.745,0.778,0.778,0.545,0.557,0.308,0.764,0.514,0.891,0.564
5GIO_GH,5GIO_G,0,0,0,0,0,0,0,0,0,0,0,0
5GIO_GH,5GIO_H,0,0,0,0,0,0,0,0,0,0,0,0
