pdb_chain,NUPACK,AccessFold,bifold,DuplexFold,RNAup,RNAduplex,RNAaliduplex,RNAplex-c,RNAplex-cA,RNAplex-a,IntaRNA2.0,RNAmultifold,PairFold,GUUGle,PETcoFold,RNAcoFold,SPOT-RNA2-UUU,RIsearch,SPOT-RNA-F1-UUU,Sequence_Length(L1+L2),L1_len,L2_len,pairNum,L1*L2,sqrt(L1*L2),NbasePair/sqrt(L1*L2),NbasePair/(L1*L2),MXfold2c,UFoldc,SPOT-RNAc,RNAfoldc,SPOT-RNAc-F1,SPOT-RNA-UUU,SPOT-RNA(AB+BA),SPOT-RNA-III(AB+BA),SPOT-RNA2c,SPOT-RNA2-AB,SPOT-RNA2-BA,PK_NUM_BA,PK_NUM_AB,pdb_chain.1,SPOT-RNA-NoLink-AB,SPOT-RNA-NoLink-BA,F1-Score(AB-BA),pred_AB_NUM,pred_BA_NUM,mean_num_AB,max_num_AB,mean_num_BA,max_num_BA,SPOT-RNAi,EternaFoldc
7D4I_3A5A,0.4,0.25,0.316,0.18,0.485,0.207,0,0.217,0,0,0.4,0.308,0.273,0,0.061,0.308,0.75,0,0.72,334,216,118,14,25488,159.6496163,0.087692037,0.000549278,0.281,0.348,0.692,0.308,0.692,0.72,0.692,0.72,0.667,0.5,0.696,0,0,7D4I_3A5A,0.667,0.727,-0.06,13,8,238,254,95,114,0.75,0.321
7D5S_3A5A,0.478,0.309,0.423,0.194,0,0.18,0,0.216,0,0,0.55,0.488,0.305,0,0,0.488,0.448,0,0.417,698,175,523,29,91525,302.5309901,0.095857948,0.000316853,0.512,0.13,0.468,0.488,0.468,0.417,0.468,0.435,0.393,0.468,0.245,0,0,7D5S_3A5A,0.458,0.35,0.108,19,11,473,573,224,354,0.476,0.483
7D5T_3A5A,0.692,0.486,0,0,0,0.462,0,0.462,0,0.143,0.667,0,0,0,0.667,0,0.486,0,0.514,210,167,43,12,7181,84.74078121,0.141608324,0.001671076,0.486,0.667,0.783,0,0.783,0.514,0.783,0.581,0.64,0.381,0.667,0,0,7D5T_3A5A,0.783,0.857,-0.074,11,9,133,146,76,93,0.818,0.514
7D63_3A5A,0.415,0.5,0.344,0,0.292,0,0,0,0,0,0.4,0.355,0.295,0,0,0.355,0.696,0,0.808,367,175,192,27,33600,183.3030278,0.147297076,0.000803571,0.488,0.4,0.84,0.361,0.84,0.808,0.84,0.857,0.72,0.766,0.524,0,0,7D63_3A5A,0.667,0.8,-0.133,18,18,203,242,163,206,0.683,0.483
7MQ8_L0L2,0,0.172,0,0.108,0,0.119,0,0.119,0,0.263,0.471,0,0,0,0,0,0,0,0.391,457,242,215,26,52030,228.1008549,0.113984667,0.000499712,0,0.525,0.391,0,0.391,0.391,0.391,0.367,0.111,0.114,0,0,0,7MQ8_L0L2,0.391,0.333,0.058,20,10,85,140,371,415,0.462,0.29
7PKT_23,0,0.333,0.667,0,0,0,0,0,0,0,0,0.667,0.513,0,0.333,0.667,0.833,0,0.571,270,86,184,13,15824,125.7934815,0.103343988,0.000821537,0.6,0.455,0.571,0.667,0.571,0.571,0.571,0.606,0.8,0.833,0.769,1,1,7PKT_23,0.606,0.571,0.035,20,22,65,184,204,236,0.645,0.645
7PKT_36,0,0,0,0,0,0,0,0,0,0,0,0,0,0,0,0,0,0,0,320,184,136,10,25024,158.1897595,0.063215217,0.000399616,0,0,0,0,0,0,0,0,0,0,0,0,0,7PKT_36,0,0,0,12,7,60,106,259,275,0,0
7PKT_34,0.353,0.267,0.222,0,0,0,0,0,0,0,0,0.218,0.185,0,0,0.218,0.222,0,0,302,184,118,19,21712,147.3499237,0.128944756,0.000875092,0.231,0.372,0.303,0.218,0.303,0,0.303,0,0.333,0.333,0,0,0,7PKT_34,0.345,0,0.345,10,6,54,110,247,276,0.348,0.264
7PKT_45,0.542,0.413,0.531,0,0,0,0,0,0,0,0,0.542,0.553,0,0,0.542,0.385,0.067,0.488,267,118,149,17,17582,132.5971342,0.128207899,0.000966898,0.417,0.286,0.476,0.531,0.476,0.488,0.476,0.45,0.357,0.146,0.437,4,3,7PKT_45,0.182,0.5,-0.318,16,11,137,215,129,153,0.194,0.426
7SBB_XZ,0.871,0.871,0.871,0.871,0.407,0.871,0,0.871,0,0.653,0.871,0.871,0.871,0,0.638,0.871,0.857,0.781,0.857,76,33,43,30,1419,37.6696164,0.79639781,0.021141649,0.871,0.852,0.857,0.871,0.857,0.857,0.857,0.857,0.857,0.857,0.839,0,0,7SBB_XZ,0.857,0.839,0.018,33,32,45,75,30,63,0.857,0.871
7SUK_L0L2,0.458,0.171,0.333,0,0,0.192,0,0,0,0,0.524,0.476,0.295,0,0,0.476,0.618,0.192,0.582,657,488,169,31,82472,287.1793864,0.107946466,0.000375885,0.404,0.04,0.63,0.4,0.63,0.582,0.63,0.642,0.533,0,0.542,0,0,7SUK_L0L2,0.609,0.458,0.151,15,17,224,335,432,531,0.652,0.462
7V01_GU,0.851,0.851,0.851,0.851,0.8,0.851,0.851,0.851,0.851,0.732,0.851,0.851,0.851,0.605,0.683,0.851,0.851,0.741,0.851,55,30,25,22,750,27.38612788,0.803326418,0.029333333,0.851,0.851,0.851,0.851,0.851,0.851,0.851,0.851,0.851,0.826,0.851,0,0,7V01_GU,0.826,0.851,-0.025,24,25,25,50,29,54,0.8,0.851
7W59_GF,0,0,0,0,0,0,0,0,0,0,0,0,0,0,0,0,0,0,0,179,82,97,12,7954,89.18520057,0.134551472,0.001508675,0,0,0,0,0,0,0,0,0,0,0,0,0,7W59_GF,0,0,0,0,0,112,125,66,84,0,0
7W59_GH,0,0,0,0,0,0.145,0,0.145,0,0,0,0,0,0,0,0,0,0,0,222,82,140,11,11480,107.1447619,0.102664842,0.000958188,0,0,0,0,0,0,0,0,0,0,0,0,0,7W59_GH,0,0,0,3,7,63,79,158,172,0,0
7W59_FH,0,0.229,0.242,0.184,0,0.2,0,0.216,0,0.457,0,0.271,0.267,0,0.55,0.271,0.452,0,0.381,237,97,140,19,13580,116.5332571,0.163043585,0.001399116,0.367,0.381,0.383,0.235,0.383,0.381,0.383,0.381,0.48,0.48,0.417,0,0,7W59_FH,0.39,0.4,-0.01,22,21,33,76,203,236,0.462,0.36
7W5A_FG,0,0,0,0,0,0,0,0,0,0,0,0,0,0,0,0,0,0,0,179,97,82,12,7954,89.18520057,0.134551472,0.001508675,0,0,0,0,0,0,0,0,0,0,0,0,0,7W5A_FG,0,0,0,0,0,66,84,112,125,0,0
7WAH_RD,0.955,0.955,0.955,0.955,0.955,0.955,0.688,0.955,0.688,0.878,0.955,0.955,0.955,0,0.955,0.955,0.955,0.955,0.955,62,39,23,21,897,29.94995826,0.701169591,0.023411371,0.955,0.955,0.955,0.955,0.955,0.955,0.955,0.955,0.955,0.93,0.955,0,0,7WAH_RD,0.955,0.955,0,23,23,23,46,38,60,0.93,0.955
7XSS_AD,0.846,0.759,0.846,0.846,0,0.846,0.846,0.846,0.846,0.846,0.846,0.846,0.846,0.71,0.846,0.846,0.759,0.537,0.759,54,20,34,11,680,26.07680962,0.421830744,0.016176471,0.759,0.786,0.815,0.759,0.815,0.759,0.815,0.759,0.71,0.733,0.815,0,0,7XSS_AD,0.815,0.846,-0.031,16,15,37,52,16,30,0.846,0.733
7XT4_ar,0.765,0.765,0.765,0.765,0.294,0.765,0.471,0.765,0.471,0.788,0.765,0.765,0.765,0,0.765,0.765,0.765,0.765,0.765,55,21,34,13,714,26.72077843,0.486512773,0.018207283,0.765,0.765,0.765,0.765,0.765,0.765,0.765,0.765,0.765,0.765,0.727,0,0,7XT4_ar,0.765,0.765,0,21,21,36,53,18,34,0.765,0.765
7Y83_BC,0.941,0.865,0.941,0.941,0.941,0.941,0.381,0.941,0.381,0.581,0.941,0.865,0.941,0,0.941,0.865,0.914,0.941,0.865,59,36,23,16,828,28.77498914,0.556038437,0.019323671,0.865,0.865,0.842,0.865,0.842,0.865,0.842,0.842,0.821,0.882,0.821,0,0,7Y83_BC,0.909,0.842,0.067,17,22,17,35,41,58,0.909,0.865
7YNA_BC,0.955,0.955,0.955,0.955,0.955,0.955,0.955,0.955,0.955,0.85,0.955,0.955,0.955,0.824,0.955,0.955,0.955,0.955,0.955,63,38,25,21,950,30.82207001,0.681329969,0.022105263,0.955,0.955,0.955,0.955,0.955,0.955,0.955,0.955,0.955,0.955,0.955,0,0,7YNA_BC,0.955,0.955,0,23,23,24,47,38,60,0.955,0.955
8A22_A2A3,0,0.5,0.377,0.431,0,0,0,0,0,0,0.611,0.4,0.407,0,0,0.4,0.545,0,0.649,288,81,207,14,16767,129.4874511,0.108118585,0.000834973,0.4,0.277,0.649,0.379,0.649,0.649,0.649,0.649,0.585,0.8,0.585,0,0,8A22_A2A3,0.8,0.571,0.229,16,21,51,198,236,260,0.769,0.4
8A22_A4A5,0,0,0,0,0,0,0,0,0,0,0,0,0,0,0,0,0.205,0,0.276,209,73,136,15,9928,99.63934966,0.150542934,0.001510878,0,0.051,0.267,0,0.267,0.276,0.267,0.276,0.229,0,0.258,2,1,8A22_A4A5,0,0.308,-0.308,9,11,126,148,82,105,0,0
8A22_B1B2,0,0.196,0.257,0.138,0,0.142,0,0.158,0,0.262,0,0.272,0.219,0,0,0.272,0.188,0,0.246,312,102,210,43,21420,146.355731,0.293804689,0.00200747,0.259,0.19,0.271,0.246,0.271,0.246,0.271,0.246,0.225,0.254,0.262,9,10,8A22_B1B2,0.296,0.255,0.041,11,12,156,266,155,283,0.291,0.225
1DZ5_CD,0.667,0,0.667,0.667,0.667,0.667,0.667,0.667,0.667,0.667,0,0.667,0.667,0.833,0,0.667,0.903,0.556,0.714,44,22,22,14,484,22,0.636363636,0.02892562,0.824,0.645,0.923,0,0.923,0.714,0.923,0.833,0.933,0.889,0.889,0,0,1DZ5_CD,0.833,0.833,0,10,10,22,43,22,43,0.783,1
5GIO_GH,0.485,0.41,0.485,0.552,0,0.516,0,0.516,0,0.552,0.5,0.485,0.552,0.64,0.5,0.485,0.471,0.372,0.64,67,35,32,16,1120,33.46640106,0.478091444,0.014285714,0.5,0.5,0.593,0.444,0.593,0.64,0.593,0.64,0.533,0.552,0.552,0,0,5GIO_GH,0.64,0.538,0.102,9,10,43,66,24,60,0.583,0.41
5GMK_LM,0.971,0.889,0.971,0.971,0.97,0.971,0,1,0,0.97,0.97,0.971,0.971,0,1,0.971,0.455,0,0.97,156,127,29,17,3683,60.68772528,0.280122544,0.004615802,0.97,0.941,0.97,0.971,0.97,0.97,0.97,0.97,0.903,0.875,0.786,0,0,5GMK_LM,0.867,0.97,-0.103,13,16,100,118,55,72,0.867,0.909
5LJ3_IZ,0,0,0,0,0,0,0,0,0,0,0,0,0,0,0.571,0,0,0,0,204,33,171,14,5643,75.11990415,0.186368715,0.00248095,0.242,0.387,0,0.5,0,0,0,0,0,0,0,2,1,5LJ3_IZ,0,0,0,0,4,53,67,150,169,0,0.381
5LQW_29,0,0,0,0.375,0,0,0,0,0,0,0,0,0,0,0,0,0,0,0,135,81,54,7,4374,66.13622306,0.105842149,0.001600366,0,0,0,0,0,0,0,0,0,0,0,0,0,5LQW_29,0,0,0,4,2,80,87,55,62,0,0
5MQF_26,0.64,0.341,0.409,0,0,0.214,0,0,0,0,0,0.485,0.4,0,0.476,0.485,0.5,0,0.462,229,140,89,17,12460,111.6243701,0.152296492,0.001364366,0.314,0.452,0.48,0.421,0.48,0.462,0.48,0.462,0.437,0.424,0.24,0,0,5MQF_26,0.429,0.522,-0.093,11,6,194,227,34,73,0.4,0.389
5NRL_26,0.917,0.55,0.579,0.297,0.957,0.344,0,0.344,0,0,0.957,0.611,0.611,0,0,0.611,0.88,0,0.917,250,155,95,11,14725,121.346611,0.090649421,0.000747029,0.611,0.579,0.917,0.611,0.917,0.917,0.917,0.917,0.88,0.917,0.88,0,0,5NRL_26,0.917,0.917,0,13,13,234,244,16,26,0.917,0.917
5NRL_2I,0,0.455,0,0,0,0,0.636,0,0.636,0,0,0,0,0,0.25,0,0,0,0,184,155,29,13,4495,67.04476117,0.19390031,0.002892102,0,0,0,0,0,0,0,0,0,0,0,0,0,5NRL_2I,0,0,0,0,0,148,162,35,48,0,0
5NRL_46,0.762,0.552,0.6,0.457,0,0.432,0,0.471,0,0.429,0.762,0.727,0.873,0,0.756,0.727,0.894,0.097,0.727,209,114,95,26,10830,104.0672859,0.24983836,0.002400739,0.857,0.492,0.696,0.667,0.696,0.727,0.696,0.727,0.75,0.75,0.818,0,0,5NRL_46,0.696,0.762,-0.066,20,16,147,184,61,113,0.744,0.873
5WSG_EL,0.4,0.488,0.596,0.23,0.645,0.263,0,0.263,0,0.5,0.645,0.645,0.645,0,0,0.645,0.645,0,0.645,194,103,91,20,9373,96.81425515,0.206581148,0.002133789,0.549,0.455,0.645,0.645,0.645,0.645,0.645,0.645,0.667,0.625,0.71,3,0,5WSG_EL,0.667,0.645,0.022,10,11,33,77,160,192,0.765,0.519
5WSG_LM,0.848,0.848,0.882,0.882,0.909,0.882,0.882,0.909,0.882,0.909,0.909,0.882,0.882,0,0.909,0.882,0.875,0,0.882,114,91,23,16,2093,45.74931693,0.349731998,0.007644529,0.857,0.857,0.774,0.882,0.774,0.882,0.774,0.909,0.774,0.774,0.774,0,0,5WSG_LM,0.75,0.774,-0.024,16,15,65,82,48,64,0.828,0.848
5Y88_DE,0,0,0,0.4,0.5,0.4,0,0.4,0,0.667,0,0,0,0,0,0,0,0,0.769,129,101,28,6,2828,53.1789432,0.112826612,0.002121641,0,0,0.909,0,0.909,0.769,0.909,0.833,0,0,0,0,0,5Y88_DE,0,0.909,-0.909,0,5,59,64,70,75,0,0
5Y88_EF,0.8,0,0.8,0.8,0,0.667,0.737,0.621,0.737,0.696,0.8,0.8,0.8,0,0.833,0.8,0.632,0,0.783,110,28,82,11,2296,47.9165942,0.229565565,0.004790941,0.741,0.783,0.667,0.714,0.667,0.783,0.667,0.833,0.5,0.571,0.545,0,0,5Y88_EF,0.667,0.353,0.314,10,6,42,53,67,78,0.818,0.692
5ZWM_FH,1,0.512,0.579,0.282,0,0.272,0,0,0,0,0.957,0.629,0.629,0,0.545,0.629,0.759,0,0.88,305,99,206,11,20394,142.8075628,0.077026733,0.000539374,0.55,0.55,0.846,0.629,0.846,0.88,0.846,0.88,0.917,0.9,0.88,0,0,5ZWM_FH,0.917,0.815,0.102,13,16,16,26,289,299,0.857,0.564
5ZWM_FI,0.78,0.492,0.898,0.152,0,0.161,0.412,0.161,0.412,0,0.744,0.902,0.836,0,0.923,0.902,0.98,0.038,0.711,209,99,110,25,10890,104.3551628,0.239566489,0.002295684,0.821,0.687,0.696,0.754,0.696,0.711,0.696,0.727,0.83,0.837,0.83,0,0,5ZWM_FI,0.78,0.696,0.084,16,21,58,110,150,185,0.81,0.836
5ZWM_GH,0.452,0,0.714,0.765,0.519,0.541,0,0.541,0,0.2,0.741,0.452,0.714,0,0.867,0.452,0.759,0,0.769,250,44,206,15,9064,95.20504188,0.157554681,0.001654898,0.714,0.595,0.769,0.412,0.769,0.769,0.769,0.769,0.759,0.786,0.786,0,0,5ZWM_GH,0.769,0.75,0.019,11,9,46,61,203,218,0.75,0.786
6AH0_FH,0.5,0.375,0.5,0,0,0.321,0,0,0,0,0,0.5,0.5,0,0,0.5,0.457,0,0.519,178,69,109,10,7521,86.72369918,0.115308734,0.00132961,0.457,0.41,0.5,0.5,0.5,0.519,0.5,0.538,0.462,0.462,0.387,0,0,6AH0_FH,0.538,0.429,0.109,16,18,17,28,160,170,0.348,0.514
6AH0_FI,0.541,0.419,0.875,0.426,0,0.523,0,0.523,0,0.409,0.541,0.833,0.875,0,0.417,0.833,0.65,0.208,0.564,186,69,117,27,8073,89.84987479,0.300501253,0.003344482,0.833,0.327,0.541,0.833,0.541,0.564,0.541,0.564,0.65,0.683,0.312,0,0,6AH0_FI,0.564,0.258,0.306,12,4,58,105,127,165,0.541,0.773
6AHD_GH,0,0.259,0.387,0.203,0,0,0,0,0,0,0,0.438,0.387,0,0.125,0.438,0,0,0,186,77,109,12,8393,91.61331781,0.130985323,0.001429763,0.364,0.357,0,0.438,0,0,0,0,0,0,0,0,0,6AHD_GH,0,0,0,0,5,46,61,139,156,0,0.4
6EXN_26,0.308,0.357,0.286,0.23,0,0.241,0,0.241,0,0,0.308,0.26,0.308,0,0.5,0.26,0.714,0,0.714,238,136,102,17,13872,117.7794549,0.144337567,0.00122549,0.222,0.571,0.714,0.267,0.714,0.714,0.714,0.714,0.588,0.645,0.462,0,0,6EXN_26,0.714,0.667,0.047,11,10,204,237,33,74,0.714,0.571
6EXN_2I,0,0,0,0,0,0,0.5,0,0.5,0,0,0,0,0,0,0,0,0,0,174,136,38,15,5168,71.88880302,0.208655582,0.002902477,0,0,0,0,0,0,0,0,0,0,0,0,0,6EXN_2I,0,0,0,3,0,121,137,52,68,0,0
6FF4_2Z,0.476,0,0.294,0,0,0,0,0,0,0,0,0,0,0,0,0,0,0,0,108,60,48,16,2880,53.66563146,0.298142397,0.005555556,0,0,0,0,0,0,0,0,0,0,0,0,0,6FF4_2Z,0,0,0,2,0,62,77,45,56,0,0.4
6IFL_IJ,0.903,0.903,0.903,0.903,0.83,0.903,0.474,0.903,0.474,0.652,0.903,0.903,0.903,0.903,0.636,0.903,0.903,0.903,0.903,70,35,35,28,1225,35,0.8,0.022857143,0.903,0.903,0.903,0.903,0.903,0.903,0.903,0.903,0.903,0.903,0.918,0,0,6IFL_IJ,0.903,0.903,0,34,34,32,64,37,68,0.885,0.903
6J6G_BL,0,0,0,0,0,0,0,0,0,0,0,0,0,0,0,0,0,0,0,268,60,208,14,12480,111.7139204,0.125320103,0.001121795,0,0,0,0,0,0,0,0,0,0,0,0,0,6J6G_BL,0,0,0,6,7,54,72,213,229,0,0
6J6N_BL,0,0,0,0,0,0,0,0,0,0,0,0,0,0,0,0,0,0,0,262,57,205,11,11685,108.0971785,0.101760288,0.000941378,0,0,0,0,0,0,0,0,0,0,0,0,0,6J6N_BL,0,0,0,2,0,49,61,212,224,0,0
6NUD_HU,0.41,0.4,0.4,0.4,0.378,0.4,0,0.4,0,0.323,0.41,0.4,0.41,0,0.414,0.4,0.4,0.4,0.4,68,40,28,12,1120,33.46640106,0.358568583,0.010714286,0.4,0.4,0.4,0.4,0.4,0.4,0.4,0.4,0.4,0.4,0.4,0,0,6NUD_HU,0.4,0.4,0,28,28,34,57,33,62,0.41,0.4
6O1O_MN,0.833,0.833,0.833,0.833,0.87,0.833,0,0.833,0,0.615,0.833,0.833,0.833,0.741,0.588,0.833,0.833,0.833,0.833,66,36,30,21,1080,32.86335345,0.63900965,0.019444444,0.833,0.833,0.833,0.833,0.833,0.833,0.833,0.833,0.833,0.833,0.833,0,0,6O1O_MN,0.833,0.833,0,27,27,26,50,39,62,0.833,0.833
6O7H_GH,0.8,0.78,0.8,0.8,0.8,0.8,0.8,0.8,0.8,0.8,0.8,0.8,0.8,0,0.8,0.8,0.78,0.8,0.78,47,27,20,21,540,23.23790008,0.903696114,0.038888889,0.8,0.8,0.78,0.8,0.78,0.78,0.78,0.78,0.78,0.718,0.78,0,0,6O7H_GH,0.75,0.78,-0.03,19,20,17,37,29,46,0.75,0.8
6QDV_26,0,0.291,0.511,0.193,0,0.188,0,0.208,0,0,0,0.448,0.34,0,0.533,0.448,0.483,0,0.529,217,120,97,19,11640,107.8888317,0.176107199,0.001632302,0.383,0.545,0.471,0.448,0.471,0.529,0.471,0.485,0.48,0.48,0.48,0,0,6QDV_26,0.552,0.452,0.1,10,12,183,216,33,76,0.571,0.464
6QDV_2I,0,0,0.385,0,0,0,0,0,0,0,0,0.238,0,0,0.364,0.238,0,0,0,162,120,42,18,5040,70.9929574,0.253546276,0.003571429,0,0.313,0,0.303,0,0,0,0,0,0,0,0,0,6QDV_2I,0,0,0,1,10,111,127,50,65,0,0
6QX9_62,0.452,0.217,0.387,0.391,0,0.391,0,0.391,0,0.667,0,0.533,0.533,0,0,0.533,0.75,0,0.842,147,53,94,9,4982,70.58328414,0.127508944,0.001806503,0.389,0.72,0.842,0.348,0.842,0.842,0.842,0.889,0.452,0.8,0.412,0,0,6QX9_62,0.75,0.8,-0.05,7,11,14,24,132,141,0.615,0.412
6QX9_64,0.473,0.328,0.741,0.306,0,0,0,0,0,0,0.465,0.741,0.678,0,0.764,0.741,0.68,0.13,0.455,178,53,125,33,6625,81.39410298,0.405434777,0.004981132,0.727,0.6,0.485,0.69,0.485,0.455,0.485,0.537,0.429,0.533,0,0,1,6QX9_64,0.63,0.246,0.384,21,24,67,126,110,158,0.642,0.69
6S91_UV,0.848,0.899,0.848,0.848,0.316,0.848,0,0.848,0,0.588,0.848,0.848,0.848,0,0.391,0.848,0.836,0.848,0.836,84,36,48,32,1728,41.56921938,0.769800359,0.018518519,0.899,0.866,0.882,0.899,0.882,0.836,0.882,0.836,0.87,0.882,0.836,0,0,6S91_UV,0.882,0.848,0.034,36,34,46,82,37,74,0.848,0.899
6ZYM_2Y,0,0,0,0,0,0,0,0,0,0,0,0,0,0.417,0,0,0,0,0,68,27,41,13,1107,33.27160952,0.390723508,0.011743451,0,0,0,0,0,0,0,0,0,0,0,1,1,6ZYM_2Y,0,0,0,7,12,36,52,31,58,0,0
7ABI_62,0,0,0.203,0,0,0.257,0,0,0,0,0.353,0.5,0.333,0,0.643,0.5,0.571,0,0.424,255,91,164,15,14924,122.1638244,0.12278594,0.001005092,0.432,0.242,0.412,0.432,0.412,0.424,0.412,0.412,0.571,0.333,0.545,0,0,7ABI_62,0.074,0.538,-0.464,12,11,20,58,234,254,0.083,0.356
7B9V_26,0.56,0.583,0.359,0.197,0,0.173,0,0.156,0,0.483,0.583,0.5,0.737,0,0.389,0.5,0.519,0,0.56,298,196,102,15,19992,141.3930691,0.106087237,0.0007503,0.4,0.437,0.56,0.5,0.56,0.56,0.56,0.56,0.56,0.583,0.56,0,0,7B9V_26,0.56,0.56,0,10,10,260,292,38,73,0.56,0.595
7DCO_FH,0.6,0.6,0.667,0,0,0.217,0,0.217,0,0.444,0.6,0.531,0.744,0,0.45,0.531,0.667,0,0.6,272,103,169,19,17407,131.9355903,0.144009664,0.001091515,0.439,0.545,0.552,0.531,0.552,0.6,0.552,0.6,0.645,0.552,0.667,0,0,7DCO_FH,0.6,0.516,0.084,11,12,35,77,236,270,0.581,0.667
7DVQ_GH,0.593,0.4,0.514,0,0,0.4,0,0.4,0,0,0,0.643,0.5,0.24,0,0.643,0,0,0.381,126,63,63,14,3969,63,0.222222222,0.003527337,0.474,0.552,0.455,0.5,0.455,0.381,0.455,0.522,0,0,0,0,0,7DVQ_GH,0.381,0.421,-0.04,7,5,45,60,80,94,0.583,0.516
7OQB_I2,0.72,0.667,0.643,0.391,0,0.391,0.514,0.563,0.514,0.593,0.72,0.552,0.552,0,0.667,0.552,0.696,0,0.696,166,23,143,14,3289,57.34980384,0.244115918,0.004256613,0.552,0.563,0.696,0.5,0.696,0.696,0.696,0.696,0.516,0.571,0.615,0,0,7OQB_I2,0.667,0.667,0,7,10,16,29,149,163,0.667,0.516
3SIV_CF,0.64,0,0.64,0.64,0,0.64,0.632,0.64,0.632,0.762,0,0.64,0.64,0,0,0.64,0.593,0.552,0.727,64,32,32,26,1024,32,0.8125,0.025390625,0.64,0.6,0.762,0.64,0.762,0.727,0.762,0.762,0.615,0.6,0.6,0,0,3SIV_CF,0.7,0.7,0,14,14,32,63,32,63,0.732,0.64
